{
    "test": {
        "pid": "e92607e6-6037-62ad-d0dd-67371eccc052",
        "tid": "1c086aff-126b-66f4-50fa-67371e300447",
        "date": "2024-11-14T23:00:00.000Z",
        "o2": 0,
        "weight": 56,
        "height": 149,
        "age": 80,
        "cone_distance": 25
    },
    "initial": {
        "spo": 94,
        "hr": 76,
        "d": 0,
        "f": 0
    },
    "final": {
        "meters": 330,
        "d": 2,
        "f": 0,
        "pascon_count": 13,
        "half_rest_spo": 90,
        "half_rest_hr": 87,
        "end_rest_spo": 91,
        "end_rest_hr": 83,
        "comment": null
    },
    "pascon": [
        {
            "h": 80,
            "s": 93,
            "t": 26
        },
        {
            "h": 83,
            "s": 92,
            "t": 53
        },
        {
            "h": 87,
            "s": 90,
            "t": 80
        },
        {
            "h": 89,
            "s": 90,
            "t": 106
        },
        {
            "h": 86,
            "s": 89,
            "t": 134
        },
        {
            "h": 92,
            "s": 90,
            "t": 161
        },
        {
            "h": 91,
            "s": 90,
            "t": 189
        },
        {
            "h": 89,
            "s": 89,
            "t": 217
        },
        {
            "h": 91,
            "s": 90,
            "t": 244
        },
        {
            "h": 89,
            "s": 90,
            "t": 272
        },
        {
            "h": 92,
            "s": 90,
            "t": 299
        },
        {
            "h": 91,
            "s": 91,
            "t": 326
        },
        {
            "h": 91,
            "s": 90,
            "t": 354
        }
    ],
    "stops": [],
    "data": [
        {
            "h": 78,
            "s": 91,
            "t": -64,
            "p": 0
        },
        {
            "h": 77,
            "s": 87,
            "t": -63,
            "p": 0
        },
        {
            "h": 76,
            "s": 87,
            "t": -62,
            "p": 0
        },
        {
            "h": 76,
            "s": 87,
            "t": -61,
            "p": 0
        },
        {
            "h": 76,
            "s": 87,
            "t": -60,
            "p": 0
        },
        {
            "h": 76,
            "s": 87,
            "t": -59,
            "p": 0
        },
        {
            "h": 76,
            "s": 88,
            "t": -58,
            "p": 0
        },
        {
            "h": 75,
            "s": 88,
            "t": -57,
            "p": 0
        },
        {
            "h": 75,
            "s": 88,
            "t": -56,
            "p": 0
        },
        {
            "h": 75,
            "s": 89,
            "t": -55,
            "p": 0
        },
        {
            "h": 75,
            "s": 89,
            "t": -54,
            "p": 0
        },
        {
            "h": 75,
            "s": 91,
            "t": -53,
            "p": 0
        },
        {
            "h": 75,
            "s": 91,
            "t": -52,
            "p": 0
        },
        {
            "h": 75,
            "s": 92,
            "t": -51,
            "p": 0
        },
        {
            "h": 75,
            "s": 92,
            "t": -50,
            "p": 0
        },
        {
            "h": 75,
            "s": 92,
            "t": -49,
            "p": 0
        },
        {
            "h": 75,
            "s": 92,
            "t": -48,
            "p": 0
        },
        {
            "h": 75,
            "s": 92,
            "t": -47,
            "p": 0
        },
        {
            "h": 75,
            "s": 93,
            "t": -46,
            "p": 0
        },
        {
            "h": 76,
            "s": 93,
            "t": -45,
            "p": 0
        },
        {
            "h": 76,
            "s": 92,
            "t": -44,
            "p": 0
        },
        {
            "h": 76,
            "s": 92,
            "t": -43,
            "p": 0
        },
        {
            "h": 76,
            "s": 92,
            "t": -42,
            "p": 0
        },
        {
            "h": 76,
            "s": 92,
            "t": -41,
            "p": 0
        },
        {
            "h": 76,
            "s": 92,
            "t": -40,
            "p": 0
        },
        {
            "h": 76,
            "s": 92,
            "t": -39,
            "p": 0
        },
        {
            "h": 75,
            "s": 92,
            "t": -38,
            "p": 0
        },
        {
            "h": 74,
            "s": 92,
            "t": -37,
            "p": 0
        },
        {
            "h": 73,
            "s": 92,
            "t": -36,
            "p": 0
        },
        {
            "h": 73,
            "s": 92,
            "t": -35,
            "p": 0
        },
        {
            "h": 72,
            "s": 93,
            "t": -34,
            "p": 0
        },
        {
            "h": 72,
            "s": 93,
            "t": -33,
            "p": 0
        },
        {
            "h": 72,
            "s": 93,
            "t": -32,
            "p": 0
        },
        {
            "h": 71,
            "s": 93,
            "t": -31,
            "p": 0
        },
        {
            "h": 71,
            "s": 93,
            "t": -30,
            "p": 0
        },
        {
            "h": 71,
            "s": 93,
            "t": -29,
            "p": 0
        },
        {
            "h": 71,
            "s": 94,
            "t": -28,
            "p": 0
        },
        {
            "h": 71,
            "s": 94,
            "t": -27,
            "p": 0
        },
        {
            "h": 71,
            "s": 94,
            "t": -26,
            "p": 0
        },
        {
            "h": 71,
            "s": 94,
            "t": -25,
            "p": 0
        },
        {
            "h": 71,
            "s": 94,
            "t": -24,
            "p": 0
        },
        {
            "h": 71,
            "s": 94,
            "t": -23,
            "p": 0
        },
        {
            "h": 70,
            "s": 94,
            "t": -22,
            "p": 0
        },
        {
            "h": 70,
            "s": 94,
            "t": -21,
            "p": 0
        },
        {
            "h": 70,
            "s": 94,
            "t": -20,
            "p": 0
        },
        {
            "h": 70,
            "s": 94,
            "t": -19,
            "p": 0
        },
        {
            "h": 70,
            "s": 94,
            "t": -18,
            "p": 0
        },
        {
            "h": 70,
            "s": 94,
            "t": -17,
            "p": 0
        },
        {
            "h": 71,
            "s": 94,
            "t": -16,
            "p": 0
        },
        {
            "h": 71,
            "s": 94,
            "t": -15,
            "p": 0
        },
        {
            "h": 71,
            "s": 94,
            "t": -14,
            "p": 0
        },
        {
            "h": 71,
            "s": 94,
            "t": -13,
            "p": 0
        },
        {
            "h": 71,
            "s": 93,
            "t": -12,
            "p": 0
        },
        {
            "h": 71,
            "s": 92,
            "t": -11,
            "p": 0
        },
        {
            "h": 72,
            "s": 92,
            "t": -10,
            "p": 0
        },
        {
            "h": 72,
            "s": 92,
            "t": -9,
            "p": 0
        },
        {
            "h": 74,
            "s": 93,
            "t": -8,
            "p": 0
        },
        {
            "h": 75,
            "s": 94,
            "t": -7,
            "p": 0
        },
        {
            "h": 76,
            "s": 94,
            "t": -6,
            "p": 0
        },
        {
            "h": 76,
            "s": 94,
            "t": -5,
            "p": 0
        },
        {
            "h": 76,
            "s": 94,
            "t": -4,
            "p": 0
        },
        {
            "h": 75,
            "s": 94,
            "t": -1,
            "p": 0
        },
        {
            "h": 75,
            "s": 94,
            "t": 0,
            "p": 1
        },
        {
            "h": 75,
            "s": 94,
            "t": 3,
            "p": 1
        },
        {
            "h": 76,
            "s": 94,
            "t": 5,
            "p": 1
        },
        {
            "h": 76,
            "s": 94,
            "t": 6,
            "p": 1
        },
        {
            "h": 77,
            "s": 94,
            "t": 7,
            "p": 1
        },
        {
            "h": 77,
            "s": 94,
            "t": 9,
            "p": 1
        },
        {
            "h": 77,
            "s": 94,
            "t": 10,
            "p": 1
        },
        {
            "h": 78,
            "s": 94,
            "t": 12,
            "p": 1
        },
        {
            "h": 78,
            "s": 94,
            "t": 14,
            "p": 1
        },
        {
            "h": 78,
            "s": 94,
            "t": 15,
            "p": 1
        },
        {
            "h": 78,
            "s": 94,
            "t": 16,
            "p": 1
        },
        {
            "h": 78,
            "s": 94,
            "t": 17,
            "p": 1
        },
        {
            "h": 78,
            "s": 94,
            "t": 19,
            "p": 1
        },
        {
            "h": 78,
            "s": 94,
            "t": 21,
            "p": 1
        },
        {
            "h": 78,
            "s": 94,
            "t": 23,
            "p": 1
        },
        {
            "h": 79,
            "s": 94,
            "t": 24,
            "p": 1
        },
        {
            "h": 79,
            "s": 94,
            "t": 25,
            "p": 1
        },
        {
            "h": 80,
            "s": 93,
            "t": 26,
            "p": 1
        },
        {
            "h": 80,
            "s": 93,
            "t": 27,
            "p": 1
        },
        {
            "h": 80,
            "s": 93,
            "t": 29,
            "p": 1
        },
        {
            "h": 80,
            "s": 93,
            "t": 31,
            "p": 1
        },
        {
            "h": 80,
            "s": 93,
            "t": 33,
            "p": 1
        },
        {
            "h": 81,
            "s": 93,
            "t": 34,
            "p": 1
        },
        {
            "h": 81,
            "s": 94,
            "t": 35,
            "p": 1
        },
        {
            "h": 81,
            "s": 94,
            "t": 36,
            "p": 1
        },
        {
            "h": 81,
            "s": 94,
            "t": 37,
            "p": 1
        },
        {
            "h": 81,
            "s": 94,
            "t": 38,
            "p": 1
        },
        {
            "h": 82,
            "s": 94,
            "t": 39,
            "p": 1
        },
        {
            "h": 83,
            "s": 93,
            "t": 40,
            "p": 1
        },
        {
            "h": 83,
            "s": 93,
            "t": 41,
            "p": 1
        },
        {
            "h": 83,
            "s": 93,
            "t": 42,
            "p": 1
        },
        {
            "h": 84,
            "s": 93,
            "t": 43,
            "p": 1
        },
        {
            "h": 84,
            "s": 93,
            "t": 45,
            "p": 1
        },
        {
            "h": 84,
            "s": 93,
            "t": 46,
            "p": 1
        },
        {
            "h": 84,
            "s": 93,
            "t": 47,
            "p": 1
        },
        {
            "h": 84,
            "s": 93,
            "t": 48,
            "p": 1
        },
        {
            "h": 84,
            "s": 93,
            "t": 49,
            "p": 1
        },
        {
            "h": 84,
            "s": 92,
            "t": 50,
            "p": 1
        },
        {
            "h": 83,
            "s": 92,
            "t": 51,
            "p": 1
        },
        {
            "h": 83,
            "s": 92,
            "t": 53,
            "p": 1
        },
        {
            "h": 83,
            "s": 92,
            "t": 54,
            "p": 1
        },
        {
            "h": 83,
            "s": 92,
            "t": 55,
            "p": 1
        },
        {
            "h": 83,
            "s": 92,
            "t": 56,
            "p": 1
        },
        {
            "h": 84,
            "s": 92,
            "t": 57,
            "p": 1
        },
        {
            "h": 84,
            "s": 92,
            "t": 58,
            "p": 1
        },
        {
            "h": 83,
            "s": 92,
            "t": 59,
            "p": 1
        },
        {
            "h": 84,
            "s": 93,
            "t": 60,
            "p": 1
        },
        {
            "h": 84,
            "s": 93,
            "t": 61,
            "p": 1
        },
        {
            "h": 86,
            "s": 92,
            "t": 62,
            "p": 1
        },
        {
            "h": 83,
            "s": 92,
            "t": 63,
            "p": 1
        },
        {
            "h": 83,
            "s": 92,
            "t": 64,
            "p": 1
        },
        {
            "h": 83,
            "s": 92,
            "t": 65,
            "p": 1
        },
        {
            "h": 83,
            "s": 92,
            "t": 66,
            "p": 1
        },
        {
            "h": 84,
            "s": 91,
            "t": 67,
            "p": 1
        },
        {
            "h": 84,
            "s": 91,
            "t": 68,
            "p": 1
        },
        {
            "h": 85,
            "s": 91,
            "t": 69,
            "p": 1
        },
        {
            "h": 84,
            "s": 91,
            "t": 70,
            "p": 1
        },
        {
            "h": 85,
            "s": 90,
            "t": 72,
            "p": 1
        },
        {
            "h": 86,
            "s": 90,
            "t": 73,
            "p": 1
        },
        {
            "h": 86,
            "s": 90,
            "t": 74,
            "p": 1
        },
        {
            "h": 86,
            "s": 90,
            "t": 75,
            "p": 1
        },
        {
            "h": 86,
            "s": 90,
            "t": 76,
            "p": 1
        },
        {
            "h": 86,
            "s": 90,
            "t": 77,
            "p": 1
        },
        {
            "h": 86,
            "s": 90,
            "t": 79,
            "p": 1
        },
        {
            "h": 87,
            "s": 90,
            "t": 80,
            "p": 1
        },
        {
            "h": 87,
            "s": 90,
            "t": 81,
            "p": 1
        },
        {
            "h": 87,
            "s": 90,
            "t": 82,
            "p": 1
        },
        {
            "h": 86,
            "s": 90,
            "t": 83,
            "p": 1
        },
        {
            "h": 88,
            "s": 90,
            "t": 84,
            "p": 1
        },
        {
            "h": 87,
            "s": 90,
            "t": 85,
            "p": 1
        },
        {
            "h": 86,
            "s": 90,
            "t": 87,
            "p": 1
        },
        {
            "h": 87,
            "s": 90,
            "t": 88,
            "p": 1
        },
        {
            "h": 88,
            "s": 90,
            "t": 89,
            "p": 1
        },
        {
            "h": 88,
            "s": 90,
            "t": 90,
            "p": 1
        },
        {
            "h": 88,
            "s": 89,
            "t": 91,
            "p": 1
        },
        {
            "h": 90,
            "s": 89,
            "t": 92,
            "p": 1
        },
        {
            "h": 88,
            "s": 89,
            "t": 93,
            "p": 1
        },
        {
            "h": 88,
            "s": 89,
            "t": 94,
            "p": 1
        },
        {
            "h": 88,
            "s": 89,
            "t": 95,
            "p": 1
        },
        {
            "h": 88,
            "s": 89,
            "t": 96,
            "p": 1
        },
        {
            "h": 88,
            "s": 89,
            "t": 97,
            "p": 1
        },
        {
            "h": 88,
            "s": 89,
            "t": 98,
            "p": 1
        },
        {
            "h": 89,
            "s": 89,
            "t": 99,
            "p": 1
        },
        {
            "h": 90,
            "s": 89,
            "t": 100,
            "p": 1
        },
        {
            "h": 90,
            "s": 89,
            "t": 101,
            "p": 1
        },
        {
            "h": 90,
            "s": 89,
            "t": 102,
            "p": 1
        },
        {
            "h": 89,
            "s": 89,
            "t": 103,
            "p": 1
        },
        {
            "h": 88,
            "s": 89,
            "t": 104,
            "p": 1
        },
        {
            "h": 89,
            "s": 90,
            "t": 105,
            "p": 1
        },
        {
            "h": 89,
            "s": 90,
            "t": 106,
            "p": 1
        },
        {
            "h": 90,
            "s": 90,
            "t": 107,
            "p": 1
        },
        {
            "h": 90,
            "s": 90,
            "t": 108,
            "p": 1
        },
        {
            "h": 85,
            "s": 90,
            "t": 109,
            "p": 1
        },
        {
            "h": 88,
            "s": 90,
            "t": 110,
            "p": 1
        },
        {
            "h": 86,
            "s": 90,
            "t": 111,
            "p": 1
        },
        {
            "h": 87,
            "s": 90,
            "t": 113,
            "p": 1
        },
        {
            "h": 88,
            "s": 90,
            "t": 114,
            "p": 1
        },
        {
            "h": 89,
            "s": 90,
            "t": 115,
            "p": 1
        },
        {
            "h": 89,
            "s": 90,
            "t": 116,
            "p": 1
        },
        {
            "h": 90,
            "s": 90,
            "t": 117,
            "p": 1
        },
        {
            "h": 90,
            "s": 90,
            "t": 118,
            "p": 1
        },
        {
            "h": 89,
            "s": 90,
            "t": 119,
            "p": 1
        },
        {
            "h": 88,
            "s": 90,
            "t": 120,
            "p": 1
        },
        {
            "h": 87,
            "s": 90,
            "t": 121,
            "p": 1
        },
        {
            "h": 88,
            "s": 89,
            "t": 122,
            "p": 1
        },
        {
            "h": 89,
            "s": 89,
            "t": 123,
            "p": 1
        },
        {
            "h": 89,
            "s": 89,
            "t": 124,
            "p": 1
        },
        {
            "h": 88,
            "s": 89,
            "t": 125,
            "p": 1
        },
        {
            "h": 88,
            "s": 89,
            "t": 126,
            "p": 1
        },
        {
            "h": 87,
            "s": 89,
            "t": 127,
            "p": 1
        },
        {
            "h": 87,
            "s": 89,
            "t": 128,
            "p": 1
        },
        {
            "h": 83,
            "s": 89,
            "t": 129,
            "p": 1
        },
        {
            "h": 84,
            "s": 89,
            "t": 130,
            "p": 1
        },
        {
            "h": 87,
            "s": 89,
            "t": 131,
            "p": 1
        },
        {
            "h": 87,
            "s": 89,
            "t": 132,
            "p": 1
        },
        {
            "h": 84,
            "s": 89,
            "t": 133,
            "p": 1
        },
        {
            "h": 86,
            "s": 89,
            "t": 134,
            "p": 1
        },
        {
            "h": 88,
            "s": 89,
            "t": 135,
            "p": 1
        },
        {
            "h": 88,
            "s": 89,
            "t": 136,
            "p": 1
        },
        {
            "h": 90,
            "s": 89,
            "t": 137,
            "p": 1
        },
        {
            "h": 90,
            "s": 89,
            "t": 138,
            "p": 1
        },
        {
            "h": 90,
            "s": 89,
            "t": 140,
            "p": 1
        },
        {
            "h": 90,
            "s": 89,
            "t": 141,
            "p": 1
        },
        {
            "h": 90,
            "s": 89,
            "t": 143,
            "p": 1
        },
        {
            "h": 90,
            "s": 89,
            "t": 144,
            "p": 1
        },
        {
            "h": 91,
            "s": 90,
            "t": 145,
            "p": 1
        },
        {
            "h": 91,
            "s": 90,
            "t": 146,
            "p": 1
        },
        {
            "h": 91,
            "s": 90,
            "t": 147,
            "p": 1
        },
        {
            "h": 92,
            "s": 91,
            "t": 148,
            "p": 1
        },
        {
            "h": 92,
            "s": 91,
            "t": 149,
            "p": 1
        },
        {
            "h": 92,
            "s": 90,
            "t": 150,
            "p": 1
        },
        {
            "h": 93,
            "s": 90,
            "t": 151,
            "p": 1
        },
        {
            "h": 93,
            "s": 90,
            "t": 152,
            "p": 1
        },
        {
            "h": 93,
            "s": 90,
            "t": 153,
            "p": 1
        },
        {
            "h": 93,
            "s": 89,
            "t": 154,
            "p": 1
        },
        {
            "h": 93,
            "s": 89,
            "t": 156,
            "p": 1
        },
        {
            "h": 92,
            "s": 89,
            "t": 157,
            "p": 1
        },
        {
            "h": 92,
            "s": 90,
            "t": 158,
            "p": 1
        },
        {
            "h": 92,
            "s": 90,
            "t": 159,
            "p": 1
        },
        {
            "h": 92,
            "s": 90,
            "t": 160,
            "p": 1
        },
        {
            "h": 92,
            "s": 90,
            "t": 161,
            "p": 1
        },
        {
            "h": 91,
            "s": 91,
            "t": 162,
            "p": 1
        },
        {
            "h": 91,
            "s": 91,
            "t": 163,
            "p": 1
        },
        {
            "h": 91,
            "s": 91,
            "t": 164,
            "p": 1
        },
        {
            "h": 90,
            "s": 91,
            "t": 165,
            "p": 1
        },
        {
            "h": 91,
            "s": 90,
            "t": 168,
            "p": 1
        },
        {
            "h": 91,
            "s": 91,
            "t": 169,
            "p": 1
        },
        {
            "h": 90,
            "s": 90,
            "t": 170,
            "p": 1
        },
        {
            "h": 91,
            "s": 90,
            "t": 171,
            "p": 1
        },
        {
            "h": 91,
            "s": 90,
            "t": 172,
            "p": 1
        },
        {
            "h": 91,
            "s": 90,
            "t": 174,
            "p": 1
        },
        {
            "h": 91,
            "s": 90,
            "t": 175,
            "p": 1
        },
        {
            "h": 91,
            "s": 90,
            "t": 178,
            "p": 1
        },
        {
            "h": 91,
            "s": 90,
            "t": 180,
            "p": 1
        },
        {
            "h": 91,
            "s": 90,
            "t": 181,
            "p": 1
        },
        {
            "h": 91,
            "s": 90,
            "t": 183,
            "p": 1
        },
        {
            "h": 91,
            "s": 90,
            "t": 184,
            "p": 1
        },
        {
            "h": 91,
            "s": 90,
            "t": 186,
            "p": 1
        },
        {
            "h": 91,
            "s": 90,
            "t": 187,
            "p": 1
        },
        {
            "h": 91,
            "s": 90,
            "t": 188,
            "p": 1
        },
        {
            "h": 91,
            "s": 90,
            "t": 189,
            "p": 1
        },
        {
            "h": 90,
            "s": 91,
            "t": 190,
            "p": 1
        },
        {
            "h": 90,
            "s": 90,
            "t": 191,
            "p": 1
        },
        {
            "h": 90,
            "s": 90,
            "t": 192,
            "p": 1
        },
        {
            "h": 90,
            "s": 90,
            "t": 194,
            "p": 1
        },
        {
            "h": 90,
            "s": 90,
            "t": 195,
            "p": 1
        },
        {
            "h": 91,
            "s": 90,
            "t": 198,
            "p": 1
        },
        {
            "h": 91,
            "s": 90,
            "t": 199,
            "p": 1
        },
        {
            "h": 91,
            "s": 90,
            "t": 201,
            "p": 1
        },
        {
            "h": 90,
            "s": 90,
            "t": 202,
            "p": 1
        },
        {
            "h": 90,
            "s": 90,
            "t": 205,
            "p": 1
        },
        {
            "h": 90,
            "s": 90,
            "t": 206,
            "p": 1
        },
        {
            "h": 90,
            "s": 90,
            "t": 208,
            "p": 1
        },
        {
            "h": 91,
            "s": 90,
            "t": 209,
            "p": 1
        },
        {
            "h": 91,
            "s": 90,
            "t": 210,
            "p": 1
        },
        {
            "h": 91,
            "s": 89,
            "t": 211,
            "p": 1
        },
        {
            "h": 91,
            "s": 89,
            "t": 212,
            "p": 1
        },
        {
            "h": 92,
            "s": 89,
            "t": 213,
            "p": 1
        },
        {
            "h": 92,
            "s": 89,
            "t": 214,
            "p": 1
        },
        {
            "h": 89,
            "s": 89,
            "t": 215,
            "p": 1
        },
        {
            "h": 89,
            "s": 89,
            "t": 218,
            "p": 1
        },
        {
            "h": 89,
            "s": 89,
            "t": 219,
            "p": 1
        },
        {
            "h": 89,
            "s": 89,
            "t": 220,
            "p": 1
        },
        {
            "h": 90,
            "s": 90,
            "t": 221,
            "p": 1
        },
        {
            "h": 90,
            "s": 90,
            "t": 223,
            "p": 1
        },
        {
            "h": 90,
            "s": 90,
            "t": 224,
            "p": 1
        },
        {
            "h": 90,
            "s": 90,
            "t": 225,
            "p": 1
        },
        {
            "h": 90,
            "s": 90,
            "t": 226,
            "p": 1
        },
        {
            "h": 90,
            "s": 90,
            "t": 227,
            "p": 1
        },
        {
            "h": 90,
            "s": 90,
            "t": 228,
            "p": 1
        },
        {
            "h": 90,
            "s": 90,
            "t": 229,
            "p": 1
        },
        {
            "h": 90,
            "s": 90,
            "t": 230,
            "p": 1
        },
        {
            "h": 90,
            "s": 89,
            "t": 231,
            "p": 1
        },
        {
            "h": 90,
            "s": 89,
            "t": 232,
            "p": 1
        },
        {
            "h": 89,
            "s": 89,
            "t": 233,
            "p": 1
        },
        {
            "h": 89,
            "s": 90,
            "t": 234,
            "p": 1
        },
        {
            "h": 91,
            "s": 89,
            "t": 236,
            "p": 1
        },
        {
            "h": 91,
            "s": 90,
            "t": 237,
            "p": 1
        },
        {
            "h": 91,
            "s": 90,
            "t": 238,
            "p": 1
        },
        {
            "h": 91,
            "s": 90,
            "t": 239,
            "p": 1
        },
        {
            "h": 91,
            "s": 90,
            "t": 240,
            "p": 1
        },
        {
            "h": 92,
            "s": 90,
            "t": 241,
            "p": 1
        },
        {
            "h": 91,
            "s": 90,
            "t": 242,
            "p": 1
        },
        {
            "h": 91,
            "s": 90,
            "t": 243,
            "p": 1
        },
        {
            "h": 91,
            "s": 90,
            "t": 245,
            "p": 1
        },
        {
            "h": 91,
            "s": 90,
            "t": 246,
            "p": 1
        },
        {
            "h": 91,
            "s": 90,
            "t": 247,
            "p": 1
        },
        {
            "h": 91,
            "s": 90,
            "t": 248,
            "p": 1
        },
        {
            "h": 91,
            "s": 90,
            "t": 249,
            "p": 1
        },
        {
            "h": 91,
            "s": 90,
            "t": 250,
            "p": 1
        },
        {
            "h": 90,
            "s": 90,
            "t": 251,
            "p": 1
        },
        {
            "h": 90,
            "s": 91,
            "t": 252,
            "p": 1
        },
        {
            "h": 91,
            "s": 91,
            "t": 253,
            "p": 1
        },
        {
            "h": 91,
            "s": 91,
            "t": 254,
            "p": 1
        },
        {
            "h": 91,
            "s": 91,
            "t": 255,
            "p": 1
        },
        {
            "h": 90,
            "s": 91,
            "t": 256,
            "p": 1
        },
        {
            "h": 90,
            "s": 91,
            "t": 257,
            "p": 1
        },
        {
            "h": 90,
            "s": 91,
            "t": 258,
            "p": 1
        },
        {
            "h": 90,
            "s": 91,
            "t": 260,
            "p": 1
        },
        {
            "h": 90,
            "s": 91,
            "t": 262,
            "p": 1
        },
        {
            "h": 89,
            "s": 91,
            "t": 263,
            "p": 1
        },
        {
            "h": 89,
            "s": 91,
            "t": 264,
            "p": 1
        },
        {
            "h": 89,
            "s": 91,
            "t": 265,
            "p": 1
        },
        {
            "h": 89,
            "s": 90,
            "t": 266,
            "p": 1
        },
        {
            "h": 89,
            "s": 90,
            "t": 267,
            "p": 1
        },
        {
            "h": 89,
            "s": 90,
            "t": 268,
            "p": 1
        },
        {
            "h": 89,
            "s": 90,
            "t": 271,
            "p": 1
        },
        {
            "h": 89,
            "s": 90,
            "t": 273,
            "p": 1
        },
        {
            "h": 89,
            "s": 90,
            "t": 274,
            "p": 1
        },
        {
            "h": 89,
            "s": 91,
            "t": 275,
            "p": 1
        },
        {
            "h": 89,
            "s": 91,
            "t": 276,
            "p": 1
        },
        {
            "h": 89,
            "s": 91,
            "t": 278,
            "p": 1
        },
        {
            "h": 90,
            "s": 91,
            "t": 279,
            "p": 1
        },
        {
            "h": 90,
            "s": 91,
            "t": 280,
            "p": 1
        },
        {
            "h": 90,
            "s": 91,
            "t": 281,
            "p": 1
        },
        {
            "h": 91,
            "s": 90,
            "t": 282,
            "p": 1
        },
        {
            "h": 90,
            "s": 90,
            "t": 283,
            "p": 1
        },
        {
            "h": 89,
            "s": 90,
            "t": 284,
            "p": 1
        },
        {
            "h": 89,
            "s": 90,
            "t": 285,
            "p": 1
        },
        {
            "h": 89,
            "s": 90,
            "t": 286,
            "p": 1
        },
        {
            "h": 89,
            "s": 90,
            "t": 287,
            "p": 1
        },
        {
            "h": 89,
            "s": 90,
            "t": 288,
            "p": 1
        },
        {
            "h": 90,
            "s": 90,
            "t": 289,
            "p": 1
        },
        {
            "h": 90,
            "s": 90,
            "t": 290,
            "p": 1
        },
        {
            "h": 91,
            "s": 90,
            "t": 291,
            "p": 1
        },
        {
            "h": 91,
            "s": 90,
            "t": 293,
            "p": 1
        },
        {
            "h": 92,
            "s": 90,
            "t": 294,
            "p": 1
        },
        {
            "h": 92,
            "s": 90,
            "t": 296,
            "p": 1
        },
        {
            "h": 92,
            "s": 90,
            "t": 297,
            "p": 1
        },
        {
            "h": 92,
            "s": 90,
            "t": 298,
            "p": 1
        },
        {
            "h": 92,
            "s": 90,
            "t": 299,
            "p": 1
        },
        {
            "h": 92,
            "s": 90,
            "t": 300,
            "p": 1
        },
        {
            "h": 91,
            "s": 90,
            "t": 301,
            "p": 1
        },
        {
            "h": 91,
            "s": 89,
            "t": 302,
            "p": 1
        },
        {
            "h": 91,
            "s": 89,
            "t": 303,
            "p": 1
        },
        {
            "h": 90,
            "s": 89,
            "t": 304,
            "p": 1
        },
        {
            "h": 90,
            "s": 89,
            "t": 305,
            "p": 1
        },
        {
            "h": 90,
            "s": 89,
            "t": 306,
            "p": 1
        },
        {
            "h": 90,
            "s": 89,
            "t": 307,
            "p": 1
        },
        {
            "h": 90,
            "s": 90,
            "t": 308,
            "p": 1
        },
        {
            "h": 90,
            "s": 90,
            "t": 309,
            "p": 1
        },
        {
            "h": 91,
            "s": 90,
            "t": 310,
            "p": 1
        },
        {
            "h": 92,
            "s": 90,
            "t": 311,
            "p": 1
        },
        {
            "h": 93,
            "s": 90,
            "t": 312,
            "p": 1
        },
        {
            "h": 90,
            "s": 90,
            "t": 313,
            "p": 1
        },
        {
            "h": 91,
            "s": 90,
            "t": 314,
            "p": 1
        },
        {
            "h": 92,
            "s": 90,
            "t": 315,
            "p": 1
        },
        {
            "h": 91,
            "s": 90,
            "t": 316,
            "p": 1
        },
        {
            "h": 90,
            "s": 90,
            "t": 317,
            "p": 1
        },
        {
            "h": 90,
            "s": 90,
            "t": 318,
            "p": 1
        },
        {
            "h": 89,
            "s": 90,
            "t": 319,
            "p": 1
        },
        {
            "h": 89,
            "s": 90,
            "t": 320,
            "p": 1
        },
        {
            "h": 89,
            "s": 90,
            "t": 321,
            "p": 1
        },
        {
            "h": 89,
            "s": 90,
            "t": 322,
            "p": 1
        },
        {
            "h": 89,
            "s": 90,
            "t": 323,
            "p": 1
        },
        {
            "h": 89,
            "s": 90,
            "t": 324,
            "p": 1
        },
        {
            "h": 90,
            "s": 90,
            "t": 325,
            "p": 1
        },
        {
            "h": 91,
            "s": 91,
            "t": 326,
            "p": 1
        },
        {
            "h": 90,
            "s": 91,
            "t": 327,
            "p": 1
        },
        {
            "h": 91,
            "s": 90,
            "t": 328,
            "p": 1
        },
        {
            "h": 91,
            "s": 90,
            "t": 329,
            "p": 1
        },
        {
            "h": 91,
            "s": 90,
            "t": 330,
            "p": 1
        },
        {
            "h": 90,
            "s": 89,
            "t": 331,
            "p": 1
        },
        {
            "h": 91,
            "s": 89,
            "t": 332,
            "p": 1
        },
        {
            "h": 91,
            "s": 89,
            "t": 333,
            "p": 1
        },
        {
            "h": 90,
            "s": 89,
            "t": 334,
            "p": 1
        },
        {
            "h": 90,
            "s": 89,
            "t": 335,
            "p": 1
        },
        {
            "h": 90,
            "s": 89,
            "t": 337,
            "p": 1
        },
        {
            "h": 91,
            "s": 89,
            "t": 340,
            "p": 1
        },
        {
            "h": 90,
            "s": 89,
            "t": 341,
            "p": 1
        },
        {
            "h": 90,
            "s": 89,
            "t": 342,
            "p": 1
        },
        {
            "h": 90,
            "s": 89,
            "t": 343,
            "p": 1
        },
        {
            "h": 89,
            "s": 89,
            "t": 344,
            "p": 1
        },
        {
            "h": 89,
            "s": 89,
            "t": 345,
            "p": 1
        },
        {
            "h": 89,
            "s": 89,
            "t": 346,
            "p": 1
        },
        {
            "h": 89,
            "s": 89,
            "t": 347,
            "p": 1
        },
        {
            "h": 89,
            "s": 90,
            "t": 348,
            "p": 1
        },
        {
            "h": 89,
            "s": 90,
            "t": 349,
            "p": 1
        },
        {
            "h": 90,
            "s": 90,
            "t": 350,
            "p": 1
        },
        {
            "h": 90,
            "s": 90,
            "t": 351,
            "p": 1
        },
        {
            "h": 90,
            "s": 90,
            "t": 352,
            "p": 1
        },
        {
            "h": 91,
            "s": 90,
            "t": 353,
            "p": 1
        },
        {
            "h": 90,
            "s": 90,
            "t": 354,
            "p": 1
        },
        {
            "h": 90,
            "s": 90,
            "t": 355,
            "p": 1
        },
        {
            "h": 90,
            "s": 90,
            "t": 356,
            "p": 1
        },
        {
            "h": 89,
            "s": 90,
            "t": 357,
            "p": 1
        },
        {
            "h": 90,
            "s": 90,
            "t": 358,
            "p": 1
        },
        {
            "h": 90,
            "s": 90,
            "t": 359,
            "p": 1
        },
        {
            "h": 88,
            "s": 90,
            "t": 360,
            "p": 2
        },
        {
            "h": 89,
            "s": 90,
            "t": 361,
            "p": 2
        },
        {
            "h": 89,
            "s": 90,
            "t": 363,
            "p": 2
        },
        {
            "h": 89,
            "s": 91,
            "t": 365,
            "p": 2
        },
        {
            "h": 90,
            "s": 91,
            "t": 366,
            "p": 2
        },
        {
            "h": 90,
            "s": 91,
            "t": 368,
            "p": 2
        },
        {
            "h": 90,
            "s": 90,
            "t": 369,
            "p": 2
        },
        {
            "h": 90,
            "s": 90,
            "t": 370,
            "p": 2
        },
        {
            "h": 91,
            "s": 90,
            "t": 371,
            "p": 2
        },
        {
            "h": 91,
            "s": 90,
            "t": 372,
            "p": 2
        },
        {
            "h": 92,
            "s": 90,
            "t": 373,
            "p": 2
        },
        {
            "h": 92,
            "s": 90,
            "t": 375,
            "p": 2
        },
        {
            "h": 92,
            "s": 90,
            "t": 377,
            "p": 2
        },
        {
            "h": 92,
            "s": 90,
            "t": 378,
            "p": 2
        },
        {
            "h": 92,
            "s": 90,
            "t": 379,
            "p": 2
        },
        {
            "h": 92,
            "s": 90,
            "t": 380,
            "p": 2
        },
        {
            "h": 90,
            "s": 90,
            "t": 381,
            "p": 2
        },
        {
            "h": 89,
            "s": 90,
            "t": 382,
            "p": 2
        },
        {
            "h": 88,
            "s": 90,
            "t": 383,
            "p": 2
        },
        {
            "h": 88,
            "s": 90,
            "t": 384,
            "p": 2
        },
        {
            "h": 87,
            "s": 90,
            "t": 385,
            "p": 2
        },
        {
            "h": 87,
            "s": 90,
            "t": 386,
            "p": 2
        },
        {
            "h": 87,
            "s": 90,
            "t": 387,
            "p": 2
        },
        {
            "h": 87,
            "s": 90,
            "t": 388,
            "p": 2
        },
        {
            "h": 87,
            "s": 90,
            "t": 389,
            "p": 2
        },
        {
            "h": 87,
            "s": 90,
            "t": 390,
            "p": 2
        },
        {
            "h": 87,
            "s": 90,
            "t": 391,
            "p": 2
        },
        {
            "h": 87,
            "s": 90,
            "t": 392,
            "p": 2
        },
        {
            "h": 87,
            "s": 90,
            "t": 393,
            "p": 2
        },
        {
            "h": 88,
            "s": 90,
            "t": 395,
            "p": 2
        },
        {
            "h": 89,
            "s": 90,
            "t": 396,
            "p": 2
        },
        {
            "h": 89,
            "s": 90,
            "t": 398,
            "p": 2
        },
        {
            "h": 89,
            "s": 90,
            "t": 399,
            "p": 2
        },
        {
            "h": 89,
            "s": 90,
            "t": 400,
            "p": 2
        },
        {
            "h": 86,
            "s": 91,
            "t": 401,
            "p": 2
        },
        {
            "h": 85,
            "s": 92,
            "t": 402,
            "p": 2
        },
        {
            "h": 84,
            "s": 92,
            "t": 404,
            "p": 2
        },
        {
            "h": 84,
            "s": 92,
            "t": 405,
            "p": 2
        },
        {
            "h": 84,
            "s": 93,
            "t": 406,
            "p": 2
        },
        {
            "h": 83,
            "s": 93,
            "t": 407,
            "p": 2
        },
        {
            "h": 83,
            "s": 93,
            "t": 408,
            "p": 2
        },
        {
            "h": 83,
            "s": 93,
            "t": 410,
            "p": 2
        },
        {
            "h": 83,
            "s": 93,
            "t": 411,
            "p": 2
        },
        {
            "h": 83,
            "s": 93,
            "t": 413,
            "p": 2
        },
        {
            "h": 83,
            "s": 93,
            "t": 414,
            "p": 2
        },
        {
            "h": 83,
            "s": 92,
            "t": 415,
            "p": 2
        },
        {
            "h": 83,
            "s": 92,
            "t": 416,
            "p": 2
        },
        {
            "h": 83,
            "s": 92,
            "t": 417,
            "p": 2
        },
        {
            "h": 83,
            "s": 92,
            "t": 418,
            "p": 2
        },
        {
            "h": 83,
            "s": 91,
            "t": 419,
            "p": 2
        }
    ]
}