{
    "test": {
        "pid": "3ea1d3e4-5e4b-10a8-058e-67c72a856d68",
        "tid": "1c6ad4da-a066-76bd-78d1-67c72a1da776",
        "date": "2025-03-04T23:00:00.000Z",
        "o2": 0,
        "weight": 90,
        "height": 181,
        "age": 61,
        "cone_distance": 30
    },
    "initial": {
        "spo": 96,
        "hr": 74,
        "d": 0,
        "f": 0
    },
    "final": {
        "meters": 579,
        "d": 0,
        "f": 1,
        "pascon_count": 19,
        "half_rest_spo": 95,
        "half_rest_hr": 93,
        "end_rest_spo": 96,
        "end_rest_hr": 84,
        "comment": null
    },
    "pascon": [
        {
            "h": 83,
            "s": 94,
            "t": 21
        },
        {
            "h": 86,
            "s": 94,
            "t": 40
        },
        {
            "h": 88,
            "s": 94,
            "t": 58
        },
        {
            "h": 95,
            "s": 93,
            "t": 77
        },
        {
            "h": 95,
            "s": 93,
            "t": 95
        },
        {
            "h": 98,
            "s": 92,
            "t": 114
        },
        {
            "h": 100,
            "s": 93,
            "t": 133
        },
        {
            "h": 103,
            "s": 93,
            "t": 152
        },
        {
            "h": 105,
            "s": 93,
            "t": 170
        },
        {
            "h": 104,
            "s": 93,
            "t": 189
        },
        {
            "h": 101,
            "s": 93,
            "t": 207
        },
        {
            "h": 100,
            "s": 93,
            "t": 226
        },
        {
            "h": 100,
            "s": 93,
            "t": 244
        },
        {
            "h": 103,
            "s": 93,
            "t": 263
        },
        {
            "h": 105,
            "s": 93,
            "t": 281
        },
        {
            "h": 106,
            "s": 93,
            "t": 299
        },
        {
            "h": 106,
            "s": 93,
            "t": 317
        },
        {
            "h": 95,
            "s": 92,
            "t": 335
        },
        {
            "h": 104,
            "s": 92,
            "t": 354
        }
    ],
    "stops": [],
    "data": [
        {
            "h": 77,
            "s": 96,
            "t": -61,
            "p": 0
        },
        {
            "h": 75,
            "s": 97,
            "t": -59,
            "p": 0
        },
        {
            "h": 75,
            "s": 97,
            "t": -58,
            "p": 0
        },
        {
            "h": 74,
            "s": 97,
            "t": -57,
            "p": 0
        },
        {
            "h": 74,
            "s": 97,
            "t": -54,
            "p": 0
        },
        {
            "h": 74,
            "s": 97,
            "t": -53,
            "p": 0
        },
        {
            "h": 74,
            "s": 96,
            "t": -52,
            "p": 0
        },
        {
            "h": 75,
            "s": 97,
            "t": -51,
            "p": 0
        },
        {
            "h": 75,
            "s": 96,
            "t": -50,
            "p": 0
        },
        {
            "h": 75,
            "s": 96,
            "t": -49,
            "p": 0
        },
        {
            "h": 75,
            "s": 96,
            "t": -48,
            "p": 0
        },
        {
            "h": 74,
            "s": 96,
            "t": -47,
            "p": 0
        },
        {
            "h": 74,
            "s": 96,
            "t": -46,
            "p": 0
        },
        {
            "h": 74,
            "s": 96,
            "t": -45,
            "p": 0
        },
        {
            "h": 75,
            "s": 96,
            "t": -44,
            "p": 0
        },
        {
            "h": 75,
            "s": 96,
            "t": -43,
            "p": 0
        },
        {
            "h": 75,
            "s": 96,
            "t": -42,
            "p": 0
        },
        {
            "h": 75,
            "s": 96,
            "t": -40,
            "p": 0
        },
        {
            "h": 75,
            "s": 96,
            "t": -39,
            "p": 0
        },
        {
            "h": 74,
            "s": 96,
            "t": -38,
            "p": 0
        },
        {
            "h": 74,
            "s": 96,
            "t": -37,
            "p": 0
        },
        {
            "h": 74,
            "s": 96,
            "t": -36,
            "p": 0
        },
        {
            "h": 73,
            "s": 96,
            "t": -35,
            "p": 0
        },
        {
            "h": 73,
            "s": 96,
            "t": -34,
            "p": 0
        },
        {
            "h": 72,
            "s": 96,
            "t": -33,
            "p": 0
        },
        {
            "h": 72,
            "s": 96,
            "t": -32,
            "p": 0
        },
        {
            "h": 72,
            "s": 96,
            "t": -31,
            "p": 0
        },
        {
            "h": 72,
            "s": 96,
            "t": -30,
            "p": 0
        },
        {
            "h": 72,
            "s": 96,
            "t": -29,
            "p": 0
        },
        {
            "h": 72,
            "s": 96,
            "t": -28,
            "p": 0
        },
        {
            "h": 72,
            "s": 96,
            "t": -27,
            "p": 0
        },
        {
            "h": 72,
            "s": 96,
            "t": -26,
            "p": 0
        },
        {
            "h": 72,
            "s": 97,
            "t": -25,
            "p": 0
        },
        {
            "h": 72,
            "s": 97,
            "t": -23,
            "p": 0
        },
        {
            "h": 72,
            "s": 97,
            "t": -22,
            "p": 0
        },
        {
            "h": 72,
            "s": 97,
            "t": -21,
            "p": 0
        },
        {
            "h": 73,
            "s": 97,
            "t": -20,
            "p": 0
        },
        {
            "h": 73,
            "s": 97,
            "t": -18,
            "p": 0
        },
        {
            "h": 73,
            "s": 97,
            "t": -17,
            "p": 0
        },
        {
            "h": 74,
            "s": 96,
            "t": -16,
            "p": 0
        },
        {
            "h": 74,
            "s": 96,
            "t": -15,
            "p": 0
        },
        {
            "h": 75,
            "s": 96,
            "t": -14,
            "p": 0
        },
        {
            "h": 76,
            "s": 95,
            "t": -13,
            "p": 0
        },
        {
            "h": 76,
            "s": 95,
            "t": -12,
            "p": 0
        },
        {
            "h": 77,
            "s": 95,
            "t": -10,
            "p": 0
        },
        {
            "h": 77,
            "s": 95,
            "t": -9,
            "p": 0
        },
        {
            "h": 77,
            "s": 95,
            "t": -7,
            "p": 0
        },
        {
            "h": 77,
            "s": 95,
            "t": -6,
            "p": 0
        },
        {
            "h": 78,
            "s": 95,
            "t": -3,
            "p": 0
        },
        {
            "h": 79,
            "s": 95,
            "t": -2,
            "p": 0
        },
        {
            "h": 81,
            "s": 95,
            "t": 7,
            "p": 1
        },
        {
            "h": 81,
            "s": 95,
            "t": 8,
            "p": 1
        },
        {
            "h": 82,
            "s": 95,
            "t": 9,
            "p": 1
        },
        {
            "h": 83,
            "s": 94,
            "t": 10,
            "p": 1
        },
        {
            "h": 83,
            "s": 94,
            "t": 11,
            "p": 1
        },
        {
            "h": 83,
            "s": 94,
            "t": 12,
            "p": 1
        },
        {
            "h": 83,
            "s": 94,
            "t": 15,
            "p": 1
        },
        {
            "h": 83,
            "s": 94,
            "t": 17,
            "p": 1
        },
        {
            "h": 83,
            "s": 94,
            "t": 19,
            "p": 1
        },
        {
            "h": 83,
            "s": 94,
            "t": 21,
            "p": 1
        },
        {
            "h": 84,
            "s": 95,
            "t": 34,
            "p": 1
        },
        {
            "h": 84,
            "s": 95,
            "t": 35,
            "p": 1
        },
        {
            "h": 84,
            "s": 95,
            "t": 37,
            "p": 1
        },
        {
            "h": 86,
            "s": 94,
            "t": 38,
            "p": 1
        },
        {
            "h": 86,
            "s": 94,
            "t": 39,
            "p": 1
        },
        {
            "h": 88,
            "s": 94,
            "t": 40,
            "p": 1
        },
        {
            "h": 88,
            "s": 94,
            "t": 41,
            "p": 1
        },
        {
            "h": 88,
            "s": 94,
            "t": 43,
            "p": 1
        },
        {
            "h": 88,
            "s": 94,
            "t": 45,
            "p": 1
        },
        {
            "h": 88,
            "s": 94,
            "t": 47,
            "p": 1
        },
        {
            "h": 88,
            "s": 94,
            "t": 48,
            "p": 1
        },
        {
            "h": 88,
            "s": 94,
            "t": 49,
            "p": 1
        },
        {
            "h": 95,
            "s": 93,
            "t": 74,
            "p": 1
        },
        {
            "h": 95,
            "s": 93,
            "t": 75,
            "p": 1
        },
        {
            "h": 95,
            "s": 93,
            "t": 76,
            "p": 1
        },
        {
            "h": 95,
            "s": 93,
            "t": 78,
            "p": 1
        },
        {
            "h": 95,
            "s": 93,
            "t": 80,
            "p": 1
        },
        {
            "h": 95,
            "s": 93,
            "t": 82,
            "p": 1
        },
        {
            "h": 95,
            "s": 93,
            "t": 84,
            "p": 1
        },
        {
            "h": 97,
            "s": 92,
            "t": 104,
            "p": 1
        },
        {
            "h": 98,
            "s": 92,
            "t": 106,
            "p": 1
        },
        {
            "h": 97,
            "s": 92,
            "t": 121,
            "p": 1
        },
        {
            "h": 98,
            "s": 93,
            "t": 125,
            "p": 1
        },
        {
            "h": 98,
            "s": 93,
            "t": 127,
            "p": 1
        },
        {
            "h": 98,
            "s": 93,
            "t": 128,
            "p": 1
        },
        {
            "h": 98,
            "s": 93,
            "t": 130,
            "p": 1
        },
        {
            "h": 100,
            "s": 93,
            "t": 131,
            "p": 1
        },
        {
            "h": 100,
            "s": 93,
            "t": 132,
            "p": 1
        },
        {
            "h": 101,
            "s": 93,
            "t": 135,
            "p": 1
        },
        {
            "h": 101,
            "s": 93,
            "t": 136,
            "p": 1
        },
        {
            "h": 101,
            "s": 93,
            "t": 137,
            "p": 1
        },
        {
            "h": 101,
            "s": 93,
            "t": 138,
            "p": 1
        },
        {
            "h": 102,
            "s": 93,
            "t": 139,
            "p": 1
        },
        {
            "h": 102,
            "s": 93,
            "t": 141,
            "p": 1
        },
        {
            "h": 102,
            "s": 93,
            "t": 142,
            "p": 1
        },
        {
            "h": 102,
            "s": 93,
            "t": 143,
            "p": 1
        },
        {
            "h": 102,
            "s": 93,
            "t": 144,
            "p": 1
        },
        {
            "h": 102,
            "s": 93,
            "t": 146,
            "p": 1
        },
        {
            "h": 102,
            "s": 93,
            "t": 148,
            "p": 1
        },
        {
            "h": 103,
            "s": 93,
            "t": 150,
            "p": 1
        },
        {
            "h": 103,
            "s": 93,
            "t": 151,
            "p": 1
        },
        {
            "h": 103,
            "s": 93,
            "t": 152,
            "p": 1
        },
        {
            "h": 102,
            "s": 93,
            "t": 154,
            "p": 1
        },
        {
            "h": 102,
            "s": 93,
            "t": 156,
            "p": 1
        },
        {
            "h": 102,
            "s": 93,
            "t": 157,
            "p": 1
        },
        {
            "h": 103,
            "s": 93,
            "t": 159,
            "p": 1
        },
        {
            "h": 103,
            "s": 93,
            "t": 162,
            "p": 1
        },
        {
            "h": 104,
            "s": 93,
            "t": 165,
            "p": 1
        },
        {
            "h": 105,
            "s": 93,
            "t": 168,
            "p": 1
        },
        {
            "h": 106,
            "s": 93,
            "t": 172,
            "p": 1
        },
        {
            "h": 106,
            "s": 93,
            "t": 179,
            "p": 1
        },
        {
            "h": 106,
            "s": 93,
            "t": 180,
            "p": 1
        },
        {
            "h": 106,
            "s": 93,
            "t": 181,
            "p": 1
        },
        {
            "h": 105,
            "s": 93,
            "t": 184,
            "p": 1
        },
        {
            "h": 104,
            "s": 93,
            "t": 185,
            "p": 1
        },
        {
            "h": 104,
            "s": 93,
            "t": 186,
            "p": 1
        },
        {
            "h": 104,
            "s": 93,
            "t": 187,
            "p": 1
        },
        {
            "h": 104,
            "s": 93,
            "t": 189,
            "p": 1
        },
        {
            "h": 104,
            "s": 93,
            "t": 190,
            "p": 1
        },
        {
            "h": 104,
            "s": 93,
            "t": 192,
            "p": 1
        },
        {
            "h": 104,
            "s": 93,
            "t": 194,
            "p": 1
        },
        {
            "h": 104,
            "s": 93,
            "t": 195,
            "p": 1
        },
        {
            "h": 102,
            "s": 93,
            "t": 196,
            "p": 1
        },
        {
            "h": 102,
            "s": 93,
            "t": 198,
            "p": 1
        },
        {
            "h": 102,
            "s": 93,
            "t": 199,
            "p": 1
        },
        {
            "h": 102,
            "s": 93,
            "t": 201,
            "p": 1
        },
        {
            "h": 102,
            "s": 93,
            "t": 202,
            "p": 1
        },
        {
            "h": 102,
            "s": 93,
            "t": 203,
            "p": 1
        },
        {
            "h": 101,
            "s": 93,
            "t": 204,
            "p": 1
        },
        {
            "h": 101,
            "s": 93,
            "t": 207,
            "p": 1
        },
        {
            "h": 102,
            "s": 93,
            "t": 208,
            "p": 1
        },
        {
            "h": 103,
            "s": 93,
            "t": 210,
            "p": 1
        },
        {
            "h": 103,
            "s": 93,
            "t": 212,
            "p": 1
        },
        {
            "h": 103,
            "s": 93,
            "t": 214,
            "p": 1
        },
        {
            "h": 103,
            "s": 93,
            "t": 216,
            "p": 1
        },
        {
            "h": 101,
            "s": 93,
            "t": 217,
            "p": 1
        },
        {
            "h": 101,
            "s": 93,
            "t": 219,
            "p": 1
        },
        {
            "h": 100,
            "s": 93,
            "t": 222,
            "p": 1
        },
        {
            "h": 100,
            "s": 93,
            "t": 223,
            "p": 1
        },
        {
            "h": 100,
            "s": 93,
            "t": 224,
            "p": 1
        },
        {
            "h": 101,
            "s": 93,
            "t": 227,
            "p": 1
        },
        {
            "h": 101,
            "s": 93,
            "t": 229,
            "p": 1
        },
        {
            "h": 101,
            "s": 93,
            "t": 230,
            "p": 1
        },
        {
            "h": 101,
            "s": 93,
            "t": 231,
            "p": 1
        },
        {
            "h": 101,
            "s": 93,
            "t": 232,
            "p": 1
        },
        {
            "h": 101,
            "s": 93,
            "t": 234,
            "p": 1
        },
        {
            "h": 102,
            "s": 93,
            "t": 235,
            "p": 1
        },
        {
            "h": 102,
            "s": 93,
            "t": 237,
            "p": 1
        },
        {
            "h": 103,
            "s": 93,
            "t": 238,
            "p": 1
        },
        {
            "h": 103,
            "s": 93,
            "t": 239,
            "p": 1
        },
        {
            "h": 103,
            "s": 93,
            "t": 240,
            "p": 1
        },
        {
            "h": 102,
            "s": 93,
            "t": 241,
            "p": 1
        },
        {
            "h": 102,
            "s": 93,
            "t": 243,
            "p": 1
        },
        {
            "h": 100,
            "s": 93,
            "t": 244,
            "p": 1
        },
        {
            "h": 100,
            "s": 93,
            "t": 245,
            "p": 1
        },
        {
            "h": 100,
            "s": 93,
            "t": 246,
            "p": 1
        },
        {
            "h": 100,
            "s": 93,
            "t": 249,
            "p": 1
        },
        {
            "h": 100,
            "s": 93,
            "t": 251,
            "p": 1
        },
        {
            "h": 100,
            "s": 94,
            "t": 252,
            "p": 1
        },
        {
            "h": 101,
            "s": 93,
            "t": 253,
            "p": 1
        },
        {
            "h": 101,
            "s": 93,
            "t": 254,
            "p": 1
        },
        {
            "h": 102,
            "s": 93,
            "t": 255,
            "p": 1
        },
        {
            "h": 102,
            "s": 93,
            "t": 256,
            "p": 1
        },
        {
            "h": 102,
            "s": 93,
            "t": 257,
            "p": 1
        },
        {
            "h": 103,
            "s": 93,
            "t": 258,
            "p": 1
        },
        {
            "h": 103,
            "s": 93,
            "t": 260,
            "p": 1
        },
        {
            "h": 103,
            "s": 93,
            "t": 261,
            "p": 1
        },
        {
            "h": 104,
            "s": 93,
            "t": 264,
            "p": 1
        },
        {
            "h": 104,
            "s": 93,
            "t": 267,
            "p": 1
        },
        {
            "h": 105,
            "s": 93,
            "t": 268,
            "p": 1
        },
        {
            "h": 106,
            "s": 93,
            "t": 269,
            "p": 1
        },
        {
            "h": 106,
            "s": 93,
            "t": 270,
            "p": 1
        },
        {
            "h": 106,
            "s": 93,
            "t": 271,
            "p": 1
        },
        {
            "h": 106,
            "s": 93,
            "t": 274,
            "p": 1
        },
        {
            "h": 107,
            "s": 93,
            "t": 275,
            "p": 1
        },
        {
            "h": 107,
            "s": 93,
            "t": 277,
            "p": 1
        },
        {
            "h": 106,
            "s": 93,
            "t": 280,
            "p": 1
        },
        {
            "h": 105,
            "s": 93,
            "t": 281,
            "p": 1
        },
        {
            "h": 105,
            "s": 93,
            "t": 282,
            "p": 1
        },
        {
            "h": 105,
            "s": 93,
            "t": 283,
            "p": 1
        },
        {
            "h": 105,
            "s": 93,
            "t": 284,
            "p": 1
        },
        {
            "h": 105,
            "s": 93,
            "t": 285,
            "p": 1
        },
        {
            "h": 105,
            "s": 93,
            "t": 289,
            "p": 1
        },
        {
            "h": 106,
            "s": 93,
            "t": 292,
            "p": 1
        },
        {
            "h": 106,
            "s": 93,
            "t": 295,
            "p": 1
        },
        {
            "h": 106,
            "s": 93,
            "t": 297,
            "p": 1
        },
        {
            "h": 106,
            "s": 93,
            "t": 298,
            "p": 1
        },
        {
            "h": 106,
            "s": 93,
            "t": 300,
            "p": 1
        },
        {
            "h": 106,
            "s": 93,
            "t": 301,
            "p": 1
        },
        {
            "h": 106,
            "s": 93,
            "t": 303,
            "p": 1
        },
        {
            "h": 106,
            "s": 93,
            "t": 304,
            "p": 1
        },
        {
            "h": 106,
            "s": 93,
            "t": 306,
            "p": 1
        },
        {
            "h": 105,
            "s": 93,
            "t": 307,
            "p": 1
        },
        {
            "h": 105,
            "s": 93,
            "t": 309,
            "p": 1
        },
        {
            "h": 106,
            "s": 93,
            "t": 316,
            "p": 1
        },
        {
            "h": 107,
            "s": 93,
            "t": 318,
            "p": 1
        },
        {
            "h": 107,
            "s": 93,
            "t": 319,
            "p": 1
        },
        {
            "h": 106,
            "s": 93,
            "t": 320,
            "p": 1
        },
        {
            "h": 106,
            "s": 93,
            "t": 321,
            "p": 1
        },
        {
            "h": 106,
            "s": 93,
            "t": 322,
            "p": 1
        },
        {
            "h": 106,
            "s": 93,
            "t": 323,
            "p": 1
        },
        {
            "h": 106,
            "s": 93,
            "t": 324,
            "p": 1
        },
        {
            "h": 105,
            "s": 93,
            "t": 325,
            "p": 1
        },
        {
            "h": 105,
            "s": 93,
            "t": 326,
            "p": 1
        },
        {
            "h": 105,
            "s": 92,
            "t": 327,
            "p": 1
        },
        {
            "h": 101,
            "s": 92,
            "t": 328,
            "p": 1
        },
        {
            "h": 101,
            "s": 92,
            "t": 330,
            "p": 1
        },
        {
            "h": 98,
            "s": 92,
            "t": 331,
            "p": 1
        },
        {
            "h": 97,
            "s": 92,
            "t": 332,
            "p": 1
        },
        {
            "h": 95,
            "s": 92,
            "t": 334,
            "p": 1
        },
        {
            "h": 97,
            "s": 92,
            "t": 336,
            "p": 1
        },
        {
            "h": 97,
            "s": 92,
            "t": 337,
            "p": 1
        },
        {
            "h": 97,
            "s": 92,
            "t": 339,
            "p": 1
        },
        {
            "h": 100,
            "s": 92,
            "t": 341,
            "p": 1
        },
        {
            "h": 100,
            "s": 92,
            "t": 348,
            "p": 1
        },
        {
            "h": 101,
            "s": 92,
            "t": 350,
            "p": 1
        },
        {
            "h": 104,
            "s": 92,
            "t": 354,
            "p": 1
        },
        {
            "h": 104,
            "s": 92,
            "t": 356,
            "p": 1
        },
        {
            "h": 105,
            "s": 92,
            "t": 358,
            "p": 1
        },
        {
            "h": 105,
            "s": 92,
            "t": 360,
            "p": 2
        },
        {
            "h": 106,
            "s": 92,
            "t": 361,
            "p": 2
        },
        {
            "h": 107,
            "s": 92,
            "t": 362,
            "p": 2
        },
        {
            "h": 106,
            "s": 92,
            "t": 364,
            "p": 2
        },
        {
            "h": 106,
            "s": 93,
            "t": 365,
            "p": 2
        },
        {
            "h": 105,
            "s": 93,
            "t": 366,
            "p": 2
        },
        {
            "h": 105,
            "s": 93,
            "t": 367,
            "p": 2
        },
        {
            "h": 104,
            "s": 93,
            "t": 368,
            "p": 2
        },
        {
            "h": 103,
            "s": 93,
            "t": 369,
            "p": 2
        },
        {
            "h": 103,
            "s": 93,
            "t": 370,
            "p": 2
        },
        {
            "h": 102,
            "s": 94,
            "t": 371,
            "p": 2
        },
        {
            "h": 101,
            "s": 94,
            "t": 372,
            "p": 2
        },
        {
            "h": 101,
            "s": 94,
            "t": 373,
            "p": 2
        },
        {
            "h": 100,
            "s": 93,
            "t": 374,
            "p": 2
        },
        {
            "h": 99,
            "s": 93,
            "t": 375,
            "p": 2
        },
        {
            "h": 98,
            "s": 93,
            "t": 376,
            "p": 2
        },
        {
            "h": 98,
            "s": 93,
            "t": 377,
            "p": 2
        },
        {
            "h": 97,
            "s": 93,
            "t": 378,
            "p": 2
        },
        {
            "h": 97,
            "s": 93,
            "t": 379,
            "p": 2
        },
        {
            "h": 97,
            "s": 93,
            "t": 380,
            "p": 2
        },
        {
            "h": 97,
            "s": 93,
            "t": 381,
            "p": 2
        },
        {
            "h": 96,
            "s": 93,
            "t": 382,
            "p": 2
        },
        {
            "h": 96,
            "s": 93,
            "t": 383,
            "p": 2
        },
        {
            "h": 96,
            "s": 93,
            "t": 384,
            "p": 2
        },
        {
            "h": 96,
            "s": 93,
            "t": 385,
            "p": 2
        },
        {
            "h": 96,
            "s": 93,
            "t": 388,
            "p": 2
        },
        {
            "h": 96,
            "s": 93,
            "t": 389,
            "p": 2
        },
        {
            "h": 96,
            "s": 93,
            "t": 390,
            "p": 2
        },
        {
            "h": 96,
            "s": 93,
            "t": 391,
            "p": 2
        },
        {
            "h": 95,
            "s": 93,
            "t": 392,
            "p": 2
        },
        {
            "h": 94,
            "s": 93,
            "t": 393,
            "p": 2
        },
        {
            "h": 94,
            "s": 92,
            "t": 394,
            "p": 2
        },
        {
            "h": 94,
            "s": 92,
            "t": 395,
            "p": 2
        },
        {
            "h": 94,
            "s": 93,
            "t": 396,
            "p": 2
        },
        {
            "h": 95,
            "s": 93,
            "t": 397,
            "p": 2
        },
        {
            "h": 94,
            "s": 92,
            "t": 398,
            "p": 2
        },
        {
            "h": 94,
            "s": 92,
            "t": 399,
            "p": 2
        },
        {
            "h": 94,
            "s": 92,
            "t": 400,
            "p": 2
        },
        {
            "h": 94,
            "s": 93,
            "t": 401,
            "p": 2
        },
        {
            "h": 94,
            "s": 93,
            "t": 403,
            "p": 2
        },
        {
            "h": 94,
            "s": 93,
            "t": 404,
            "p": 2
        },
        {
            "h": 94,
            "s": 93,
            "t": 405,
            "p": 2
        },
        {
            "h": 94,
            "s": 93,
            "t": 406,
            "p": 2
        },
        {
            "h": 94,
            "s": 93,
            "t": 407,
            "p": 2
        },
        {
            "h": 94,
            "s": 93,
            "t": 408,
            "p": 2
        },
        {
            "h": 93,
            "s": 94,
            "t": 409,
            "p": 2
        },
        {
            "h": 93,
            "s": 94,
            "t": 410,
            "p": 2
        },
        {
            "h": 93,
            "s": 94,
            "t": 411,
            "p": 2
        },
        {
            "h": 93,
            "s": 94,
            "t": 414,
            "p": 2
        },
        {
            "h": 93,
            "s": 95,
            "t": 415,
            "p": 2
        },
        {
            "h": 93,
            "s": 95,
            "t": 416,
            "p": 2
        },
        {
            "h": 93,
            "s": 95,
            "t": 417,
            "p": 2
        },
        {
            "h": 93,
            "s": 95,
            "t": 418,
            "p": 2
        },
        {
            "h": 93,
            "s": 95,
            "t": 419,
            "p": 2
        },
        {
            "h": 93,
            "s": 95,
            "t": 420,
            "p": 2
        },
        {
            "h": 92,
            "s": 95,
            "t": 421,
            "p": 2
        },
        {
            "h": 92,
            "s": 95,
            "t": 422,
            "p": 2
        },
        {
            "h": 92,
            "s": 95,
            "t": 423,
            "p": 2
        },
        {
            "h": 92,
            "s": 95,
            "t": 424,
            "p": 2
        },
        {
            "h": 91,
            "s": 95,
            "t": 425,
            "p": 2
        },
        {
            "h": 91,
            "s": 95,
            "t": 426,
            "p": 2
        },
        {
            "h": 90,
            "s": 96,
            "t": 427,
            "p": 2
        },
        {
            "h": 90,
            "s": 96,
            "t": 428,
            "p": 2
        },
        {
            "h": 90,
            "s": 96,
            "t": 429,
            "p": 2
        },
        {
            "h": 90,
            "s": 96,
            "t": 430,
            "p": 2
        },
        {
            "h": 89,
            "s": 96,
            "t": 431,
            "p": 2
        },
        {
            "h": 89,
            "s": 96,
            "t": 432,
            "p": 2
        },
        {
            "h": 89,
            "s": 95,
            "t": 433,
            "p": 2
        },
        {
            "h": 89,
            "s": 95,
            "t": 434,
            "p": 2
        },
        {
            "h": 89,
            "s": 95,
            "t": 435,
            "p": 2
        },
        {
            "h": 89,
            "s": 95,
            "t": 436,
            "p": 2
        },
        {
            "h": 89,
            "s": 95,
            "t": 437,
            "p": 2
        },
        {
            "h": 89,
            "s": 95,
            "t": 438,
            "p": 2
        },
        {
            "h": 88,
            "s": 95,
            "t": 439,
            "p": 2
        },
        {
            "h": 88,
            "s": 95,
            "t": 440,
            "p": 2
        },
        {
            "h": 88,
            "s": 95,
            "t": 441,
            "p": 2
        },
        {
            "h": 88,
            "s": 95,
            "t": 442,
            "p": 2
        },
        {
            "h": 87,
            "s": 95,
            "t": 443,
            "p": 2
        },
        {
            "h": 87,
            "s": 95,
            "t": 444,
            "p": 2
        },
        {
            "h": 87,
            "s": 95,
            "t": 445,
            "p": 2
        },
        {
            "h": 87,
            "s": 95,
            "t": 446,
            "p": 2
        },
        {
            "h": 87,
            "s": 95,
            "t": 447,
            "p": 2
        },
        {
            "h": 88,
            "s": 95,
            "t": 448,
            "p": 2
        },
        {
            "h": 88,
            "s": 95,
            "t": 449,
            "p": 2
        },
        {
            "h": 88,
            "s": 95,
            "t": 450,
            "p": 2
        },
        {
            "h": 88,
            "s": 95,
            "t": 451,
            "p": 2
        },
        {
            "h": 88,
            "s": 95,
            "t": 452,
            "p": 2
        },
        {
            "h": 88,
            "s": 95,
            "t": 453,
            "p": 2
        },
        {
            "h": 88,
            "s": 95,
            "t": 454,
            "p": 2
        },
        {
            "h": 87,
            "s": 95,
            "t": 455,
            "p": 2
        },
        {
            "h": 87,
            "s": 95,
            "t": 456,
            "p": 2
        },
        {
            "h": 87,
            "s": 96,
            "t": 457,
            "p": 2
        },
        {
            "h": 88,
            "s": 96,
            "t": 458,
            "p": 2
        },
        {
            "h": 88,
            "s": 96,
            "t": 459,
            "p": 2
        },
        {
            "h": 88,
            "s": 95,
            "t": 460,
            "p": 2
        },
        {
            "h": 88,
            "s": 95,
            "t": 461,
            "p": 2
        },
        {
            "h": 88,
            "s": 95,
            "t": 462,
            "p": 2
        },
        {
            "h": 88,
            "s": 95,
            "t": 463,
            "p": 2
        },
        {
            "h": 87,
            "s": 95,
            "t": 464,
            "p": 2
        },
        {
            "h": 87,
            "s": 95,
            "t": 465,
            "p": 2
        },
        {
            "h": 87,
            "s": 95,
            "t": 466,
            "p": 2
        },
        {
            "h": 87,
            "s": 95,
            "t": 467,
            "p": 2
        },
        {
            "h": 87,
            "s": 95,
            "t": 468,
            "p": 2
        },
        {
            "h": 86,
            "s": 95,
            "t": 469,
            "p": 2
        },
        {
            "h": 86,
            "s": 95,
            "t": 470,
            "p": 2
        },
        {
            "h": 85,
            "s": 95,
            "t": 471,
            "p": 2
        },
        {
            "h": 85,
            "s": 95,
            "t": 472,
            "p": 2
        },
        {
            "h": 85,
            "s": 95,
            "t": 473,
            "p": 2
        },
        {
            "h": 85,
            "s": 95,
            "t": 474,
            "p": 2
        },
        {
            "h": 85,
            "s": 95,
            "t": 475,
            "p": 2
        },
        {
            "h": 85,
            "s": 95,
            "t": 476,
            "p": 2
        },
        {
            "h": 84,
            "s": 96,
            "t": 477,
            "p": 2
        },
        {
            "h": 84,
            "s": 96,
            "t": 478,
            "p": 2
        },
        {
            "h": 84,
            "s": 96,
            "t": 479,
            "p": 2
        }
    ]
}