{
    "test": {
        "pid": "169ff3ad-e9d4-d20a-015c-653657c5f9ee3",
        "tid": "7b19fbd6-dff0-abe9-7fb8-65365b146b633",
        "date": "2023-10-22T22:00:00.000Z",
        "o2": 0,
        "weight": 64,
        "height": 180,
        "age": 43,
        "name": "Pau",
        "gender": "home",
        "cone_distance": 25
    },
    "initial": {
        "spo": 93,
        "hr": 98,
        "d": 0,
        "f": 0
    },
    "final": {
        "meters": 351,
        "d": 1,
        "f": 0,
        "pascon_count": 14,
        "half_rest_spo": 92,
        "half_rest_hr": 93,
        "end_rest_spo": 92,
        "end_rest_hr": 75,
        "comment": null
    },
    "pascon": [
        {
            "h": 102,
            "s": 92,
            "t": 23
        },
        {
            "h": 101,
            "s": 92,
            "t": 49
        },
        {
            "h": 98,
            "s": 92,
            "t": 75
        },
        {
            "h": 97,
            "s": 92,
            "t": 101
        },
        {
            "h": 102,
            "s": 91,
            "t": 127
        },
        {
            "h": 100,
            "s": 90,
            "t": 154
        },
        {
            "h": 103,
            "s": 92,
            "t": 172
        },
        {
            "h": 103,
            "s": 90,
            "t": 206
        },
        {
            "h": 103,
            "s": 92,
            "t": 232
        },
        {
            "h": 110,
            "s": 92,
            "t": 258
        },
        {
            "h": 97,
            "s": 91,
            "t": 284
        },
        {
            "h": 104,
            "s": 90,
            "t": 309
        },
        {
            "h": 122,
            "s": 89,
            "t": 334
        },
        {
            "h": 102,
            "s": 91,
            "t": 359
        }
    ],
    "stops": [],
    "data": [
        {
            "h": 91,
            "s": 92,
            "t": -35,
            "p": 0
        },
        {
            "h": 92,
            "s": 92,
            "t": -34,
            "p": 0
        },
        {
            "h": 91,
            "s": 92,
            "t": -33,
            "p": 0
        },
        {
            "h": 91,
            "s": 92,
            "t": -32,
            "p": 0
        },
        {
            "h": 91,
            "s": 92,
            "t": -31,
            "p": 0
        },
        {
            "h": 94,
            "s": 92,
            "t": -30,
            "p": 0
        },
        {
            "h": 97,
            "s": 92,
            "t": -29,
            "p": 0
        },
        {
            "h": 97,
            "s": 92,
            "t": -28,
            "p": 0
        },
        {
            "h": 99,
            "s": 93,
            "t": -27,
            "p": 0
        },
        {
            "h": 99,
            "s": 93,
            "t": -26,
            "p": 0
        },
        {
            "h": 100,
            "s": 93,
            "t": -25,
            "p": 0
        },
        {
            "h": 100,
            "s": 93,
            "t": -24,
            "p": 0
        },
        {
            "h": 99,
            "s": 93,
            "t": -23,
            "p": 0
        },
        {
            "h": 97,
            "s": 94,
            "t": -22,
            "p": 0
        },
        {
            "h": 97,
            "s": 94,
            "t": -21,
            "p": 0
        },
        {
            "h": 98,
            "s": 93,
            "t": -19,
            "p": 0
        },
        {
            "h": 99,
            "s": 93,
            "t": -18,
            "p": 0
        },
        {
            "h": 98,
            "s": 93,
            "t": -17,
            "p": 0
        },
        {
            "h": 96,
            "s": 93,
            "t": -16,
            "p": 0
        },
        {
            "h": 96,
            "s": 93,
            "t": -15,
            "p": 0
        },
        {
            "h": 96,
            "s": 93,
            "t": -10,
            "p": 0
        },
        {
            "h": 95,
            "s": 93,
            "t": -8,
            "p": 0
        },
        {
            "h": 95,
            "s": 93,
            "t": -7,
            "p": 0
        },
        {
            "h": 95,
            "s": 93,
            "t": -6,
            "p": 0
        },
        {
            "h": 96,
            "s": 93,
            "t": -5,
            "p": 0
        },
        {
            "h": 97,
            "s": 93,
            "t": -4,
            "p": 0
        },
        {
            "h": 100,
            "s": 93,
            "t": -3,
            "p": 0
        },
        {
            "h": 101,
            "s": 93,
            "t": -2,
            "p": 0
        },
        {
            "h": 99,
            "s": 93,
            "t": -1,
            "p": 0
        },
        {
            "h": 99,
            "s": 92,
            "t": 0,
            "p": 1
        },
        {
            "h": 99,
            "s": 92,
            "t": 1,
            "p": 1
        },
        {
            "h": 101,
            "s": 92,
            "t": 3,
            "p": 1
        },
        {
            "h": 101,
            "s": 92,
            "t": 4,
            "p": 1
        },
        {
            "h": 101,
            "s": 92,
            "t": 5,
            "p": 1
        },
        {
            "h": 102,
            "s": 92,
            "t": 10,
            "p": 1
        },
        {
            "h": 101,
            "s": 92,
            "t": 11,
            "p": 1
        },
        {
            "h": 102,
            "s": 92,
            "t": 16,
            "p": 1
        },
        {
            "h": 101,
            "s": 92,
            "t": 20,
            "p": 1
        },
        {
            "h": 102,
            "s": 92,
            "t": 21,
            "p": 1
        },
        {
            "h": 102,
            "s": 92,
            "t": 22,
            "p": 1
        },
        {
            "h": 103,
            "s": 92,
            "t": 27,
            "p": 1
        },
        {
            "h": 103,
            "s": 93,
            "t": 28,
            "p": 1
        },
        {
            "h": 105,
            "s": 93,
            "t": 29,
            "p": 1
        },
        {
            "h": 106,
            "s": 93,
            "t": 30,
            "p": 1
        },
        {
            "h": 105,
            "s": 93,
            "t": 31,
            "p": 1
        },
        {
            "h": 106,
            "s": 93,
            "t": 35,
            "p": 1
        },
        {
            "h": 106,
            "s": 92,
            "t": 36,
            "p": 1
        },
        {
            "h": 106,
            "s": 93,
            "t": 38,
            "p": 1
        },
        {
            "h": 107,
            "s": 93,
            "t": 39,
            "p": 1
        },
        {
            "h": 105,
            "s": 92,
            "t": 40,
            "p": 1
        },
        {
            "h": 105,
            "s": 92,
            "t": 41,
            "p": 1
        },
        {
            "h": 105,
            "s": 92,
            "t": 42,
            "p": 1
        },
        {
            "h": 104,
            "s": 92,
            "t": 43,
            "p": 1
        },
        {
            "h": 104,
            "s": 92,
            "t": 45,
            "p": 1
        },
        {
            "h": 103,
            "s": 91,
            "t": 46,
            "p": 1
        },
        {
            "h": 102,
            "s": 92,
            "t": 47,
            "p": 1
        },
        {
            "h": 101,
            "s": 92,
            "t": 48,
            "p": 1
        },
        {
            "h": 102,
            "s": 92,
            "t": 54,
            "p": 1
        },
        {
            "h": 105,
            "s": 92,
            "t": 55,
            "p": 1
        },
        {
            "h": 106,
            "s": 92,
            "t": 56,
            "p": 1
        },
        {
            "h": 107,
            "s": 92,
            "t": 59,
            "p": 1
        },
        {
            "h": 107,
            "s": 92,
            "t": 60,
            "p": 1
        },
        {
            "h": 107,
            "s": 92,
            "t": 62,
            "p": 1
        },
        {
            "h": 106,
            "s": 92,
            "t": 63,
            "p": 1
        },
        {
            "h": 106,
            "s": 92,
            "t": 64,
            "p": 1
        },
        {
            "h": 106,
            "s": 92,
            "t": 66,
            "p": 1
        },
        {
            "h": 105,
            "s": 92,
            "t": 68,
            "p": 1
        },
        {
            "h": 105,
            "s": 92,
            "t": 69,
            "p": 1
        },
        {
            "h": 106,
            "s": 92,
            "t": 70,
            "p": 1
        },
        {
            "h": 106,
            "s": 92,
            "t": 71,
            "p": 1
        },
        {
            "h": 107,
            "s": 92,
            "t": 72,
            "p": 1
        },
        {
            "h": 104,
            "s": 93,
            "t": 73,
            "p": 1
        },
        {
            "h": 100,
            "s": 93,
            "t": 74,
            "p": 1
        },
        {
            "h": 98,
            "s": 92,
            "t": 75,
            "p": 1
        },
        {
            "h": 97,
            "s": 92,
            "t": 76,
            "p": 1
        },
        {
            "h": 97,
            "s": 92,
            "t": 78,
            "p": 1
        },
        {
            "h": 97,
            "s": 92,
            "t": 79,
            "p": 1
        },
        {
            "h": 97,
            "s": 92,
            "t": 83,
            "p": 1
        },
        {
            "h": 99,
            "s": 91,
            "t": 89,
            "p": 1
        },
        {
            "h": 99,
            "s": 91,
            "t": 90,
            "p": 1
        },
        {
            "h": 100,
            "s": 91,
            "t": 91,
            "p": 1
        },
        {
            "h": 100,
            "s": 91,
            "t": 92,
            "p": 1
        },
        {
            "h": 98,
            "s": 92,
            "t": 93,
            "p": 1
        },
        {
            "h": 98,
            "s": 92,
            "t": 95,
            "p": 1
        },
        {
            "h": 97,
            "s": 92,
            "t": 96,
            "p": 1
        },
        {
            "h": 97,
            "s": 92,
            "t": 99,
            "p": 1
        },
        {
            "h": 97,
            "s": 92,
            "t": 100,
            "p": 1
        },
        {
            "h": 96,
            "s": 91,
            "t": 104,
            "p": 1
        },
        {
            "h": 98,
            "s": 91,
            "t": 106,
            "p": 1
        },
        {
            "h": 99,
            "s": 91,
            "t": 107,
            "p": 1
        },
        {
            "h": 100,
            "s": 91,
            "t": 108,
            "p": 1
        },
        {
            "h": 101,
            "s": 91,
            "t": 110,
            "p": 1
        },
        {
            "h": 101,
            "s": 91,
            "t": 111,
            "p": 1
        },
        {
            "h": 101,
            "s": 91,
            "t": 112,
            "p": 1
        },
        {
            "h": 102,
            "s": 91,
            "t": 113,
            "p": 1
        },
        {
            "h": 102,
            "s": 91,
            "t": 115,
            "p": 1
        },
        {
            "h": 102,
            "s": 91,
            "t": 117,
            "p": 1
        },
        {
            "h": 102,
            "s": 91,
            "t": 118,
            "p": 1
        },
        {
            "h": 101,
            "s": 91,
            "t": 119,
            "p": 1
        },
        {
            "h": 102,
            "s": 91,
            "t": 120,
            "p": 1
        },
        {
            "h": 102,
            "s": 92,
            "t": 121,
            "p": 1
        },
        {
            "h": 101,
            "s": 92,
            "t": 124,
            "p": 1
        },
        {
            "h": 101,
            "s": 92,
            "t": 125,
            "p": 1
        },
        {
            "h": 102,
            "s": 91,
            "t": 126,
            "p": 1
        },
        {
            "h": 102,
            "s": 91,
            "t": 127,
            "p": 1
        },
        {
            "h": 102,
            "s": 91,
            "t": 129,
            "p": 1
        },
        {
            "h": 103,
            "s": 91,
            "t": 131,
            "p": 1
        },
        {
            "h": 104,
            "s": 91,
            "t": 133,
            "p": 1
        },
        {
            "h": 104,
            "s": 91,
            "t": 134,
            "p": 1
        },
        {
            "h": 104,
            "s": 91,
            "t": 136,
            "p": 1
        },
        {
            "h": 104,
            "s": 91,
            "t": 137,
            "p": 1
        },
        {
            "h": 103,
            "s": 90,
            "t": 139,
            "p": 1
        },
        {
            "h": 102,
            "s": 89,
            "t": 140,
            "p": 1
        },
        {
            "h": 102,
            "s": 88,
            "t": 141,
            "p": 1
        },
        {
            "h": 102,
            "s": 88,
            "t": 142,
            "p": 1
        },
        {
            "h": 102,
            "s": 88,
            "t": 143,
            "p": 1
        },
        {
            "h": 103,
            "s": 88,
            "t": 144,
            "p": 1
        },
        {
            "h": 103,
            "s": 89,
            "t": 145,
            "p": 1
        },
        {
            "h": 101,
            "s": 89,
            "t": 146,
            "p": 1
        },
        {
            "h": 102,
            "s": 89,
            "t": 147,
            "p": 1
        },
        {
            "h": 102,
            "s": 89,
            "t": 148,
            "p": 1
        },
        {
            "h": 100,
            "s": 89,
            "t": 149,
            "p": 1
        },
        {
            "h": 100,
            "s": 90,
            "t": 150,
            "p": 1
        },
        {
            "h": 100,
            "s": 90,
            "t": 151,
            "p": 1
        },
        {
            "h": 100,
            "s": 90,
            "t": 155,
            "p": 1
        },
        {
            "h": 101,
            "s": 91,
            "t": 156,
            "p": 1
        },
        {
            "h": 101,
            "s": 91,
            "t": 157,
            "p": 1
        },
        {
            "h": 103,
            "s": 91,
            "t": 159,
            "p": 1
        },
        {
            "h": 103,
            "s": 91,
            "t": 161,
            "p": 1
        },
        {
            "h": 103,
            "s": 91,
            "t": 162,
            "p": 1
        },
        {
            "h": 103,
            "s": 91,
            "t": 163,
            "p": 1
        },
        {
            "h": 103,
            "s": 91,
            "t": 166,
            "p": 1
        },
        {
            "h": 103,
            "s": 91,
            "t": 167,
            "p": 1
        },
        {
            "h": 102,
            "s": 91,
            "t": 170,
            "p": 1
        },
        {
            "h": 102,
            "s": 91,
            "t": 171,
            "p": 1
        },
        {
            "h": 103,
            "s": 92,
            "t": 172,
            "p": 1
        },
        {
            "h": 103,
            "s": 92,
            "t": 173,
            "p": 1
        },
        {
            "h": 103,
            "s": 91,
            "t": 176,
            "p": 1
        },
        {
            "h": 103,
            "s": 91,
            "t": 177,
            "p": 1
        },
        {
            "h": 103,
            "s": 91,
            "t": 179,
            "p": 1
        },
        {
            "h": 103,
            "s": 91,
            "t": 180,
            "p": 1
        },
        {
            "h": 103,
            "s": 91,
            "t": 181,
            "p": 1
        },
        {
            "h": 104,
            "s": 91,
            "t": 182,
            "p": 1
        },
        {
            "h": 104,
            "s": 91,
            "t": 183,
            "p": 1
        },
        {
            "h": 104,
            "s": 91,
            "t": 184,
            "p": 1
        },
        {
            "h": 104,
            "s": 90,
            "t": 185,
            "p": 1
        },
        {
            "h": 105,
            "s": 90,
            "t": 189,
            "p": 1
        },
        {
            "h": 105,
            "s": 90,
            "t": 192,
            "p": 1
        },
        {
            "h": 105,
            "s": 90,
            "t": 193,
            "p": 1
        },
        {
            "h": 106,
            "s": 91,
            "t": 194,
            "p": 1
        },
        {
            "h": 105,
            "s": 91,
            "t": 197,
            "p": 1
        },
        {
            "h": 105,
            "s": 91,
            "t": 198,
            "p": 1
        },
        {
            "h": 105,
            "s": 90,
            "t": 199,
            "p": 1
        },
        {
            "h": 103,
            "s": 90,
            "t": 202,
            "p": 1
        },
        {
            "h": 103,
            "s": 90,
            "t": 203,
            "p": 1
        },
        {
            "h": 103,
            "s": 90,
            "t": 205,
            "p": 1
        },
        {
            "h": 103,
            "s": 90,
            "t": 206,
            "p": 1
        },
        {
            "h": 103,
            "s": 91,
            "t": 207,
            "p": 1
        },
        {
            "h": 103,
            "s": 91,
            "t": 208,
            "p": 1
        },
        {
            "h": 102,
            "s": 91,
            "t": 209,
            "p": 1
        },
        {
            "h": 102,
            "s": 91,
            "t": 212,
            "p": 1
        },
        {
            "h": 102,
            "s": 91,
            "t": 216,
            "p": 1
        },
        {
            "h": 103,
            "s": 92,
            "t": 223,
            "p": 1
        },
        {
            "h": 103,
            "s": 92,
            "t": 225,
            "p": 1
        },
        {
            "h": 103,
            "s": 92,
            "t": 227,
            "p": 1
        },
        {
            "h": 103,
            "s": 92,
            "t": 229,
            "p": 1
        },
        {
            "h": 103,
            "s": 92,
            "t": 230,
            "p": 1
        },
        {
            "h": 103,
            "s": 92,
            "t": 231,
            "p": 1
        },
        {
            "h": 104,
            "s": 92,
            "t": 233,
            "p": 1
        },
        {
            "h": 103,
            "s": 92,
            "t": 235,
            "p": 1
        },
        {
            "h": 104,
            "s": 92,
            "t": 236,
            "p": 1
        },
        {
            "h": 106,
            "s": 92,
            "t": 237,
            "p": 1
        },
        {
            "h": 107,
            "s": 92,
            "t": 238,
            "p": 1
        },
        {
            "h": 107,
            "s": 92,
            "t": 241,
            "p": 1
        },
        {
            "h": 109,
            "s": 92,
            "t": 242,
            "p": 1
        },
        {
            "h": 111,
            "s": 92,
            "t": 243,
            "p": 1
        },
        {
            "h": 112,
            "s": 92,
            "t": 244,
            "p": 1
        },
        {
            "h": 112,
            "s": 92,
            "t": 245,
            "p": 1
        },
        {
            "h": 112,
            "s": 92,
            "t": 246,
            "p": 1
        },
        {
            "h": 115,
            "s": 91,
            "t": 247,
            "p": 1
        },
        {
            "h": 115,
            "s": 91,
            "t": 250,
            "p": 1
        },
        {
            "h": 115,
            "s": 91,
            "t": 252,
            "p": 1
        },
        {
            "h": 115,
            "s": 91,
            "t": 254,
            "p": 1
        },
        {
            "h": 116,
            "s": 91,
            "t": 255,
            "p": 1
        },
        {
            "h": 114,
            "s": 91,
            "t": 256,
            "p": 1
        },
        {
            "h": 113,
            "s": 91,
            "t": 257,
            "p": 1
        },
        {
            "h": 110,
            "s": 92,
            "t": 258,
            "p": 1
        },
        {
            "h": 109,
            "s": 92,
            "t": 259,
            "p": 1
        },
        {
            "h": 104,
            "s": 92,
            "t": 260,
            "p": 1
        },
        {
            "h": 100,
            "s": 91,
            "t": 261,
            "p": 1
        },
        {
            "h": 100,
            "s": 91,
            "t": 266,
            "p": 1
        },
        {
            "h": 100,
            "s": 91,
            "t": 267,
            "p": 1
        },
        {
            "h": 100,
            "s": 91,
            "t": 268,
            "p": 1
        },
        {
            "h": 99,
            "s": 91,
            "t": 269,
            "p": 1
        },
        {
            "h": 98,
            "s": 91,
            "t": 270,
            "p": 1
        },
        {
            "h": 98,
            "s": 91,
            "t": 271,
            "p": 1
        },
        {
            "h": 98,
            "s": 91,
            "t": 272,
            "p": 1
        },
        {
            "h": 98,
            "s": 91,
            "t": 274,
            "p": 1
        },
        {
            "h": 97,
            "s": 91,
            "t": 275,
            "p": 1
        },
        {
            "h": 97,
            "s": 90,
            "t": 276,
            "p": 1
        },
        {
            "h": 97,
            "s": 90,
            "t": 277,
            "p": 1
        },
        {
            "h": 98,
            "s": 90,
            "t": 278,
            "p": 1
        },
        {
            "h": 98,
            "s": 90,
            "t": 279,
            "p": 1
        },
        {
            "h": 98,
            "s": 90,
            "t": 280,
            "p": 1
        },
        {
            "h": 97,
            "s": 90,
            "t": 282,
            "p": 1
        },
        {
            "h": 97,
            "s": 91,
            "t": 283,
            "p": 1
        },
        {
            "h": 97,
            "s": 91,
            "t": 285,
            "p": 1
        },
        {
            "h": 97,
            "s": 91,
            "t": 287,
            "p": 1
        },
        {
            "h": 97,
            "s": 91,
            "t": 289,
            "p": 1
        },
        {
            "h": 98,
            "s": 91,
            "t": 290,
            "p": 1
        },
        {
            "h": 98,
            "s": 91,
            "t": 291,
            "p": 1
        },
        {
            "h": 99,
            "s": 91,
            "t": 292,
            "p": 1
        },
        {
            "h": 100,
            "s": 91,
            "t": 293,
            "p": 1
        },
        {
            "h": 100,
            "s": 91,
            "t": 294,
            "p": 1
        },
        {
            "h": 102,
            "s": 90,
            "t": 295,
            "p": 1
        },
        {
            "h": 103,
            "s": 90,
            "t": 296,
            "p": 1
        },
        {
            "h": 103,
            "s": 90,
            "t": 298,
            "p": 1
        },
        {
            "h": 103,
            "s": 90,
            "t": 301,
            "p": 1
        },
        {
            "h": 104,
            "s": 90,
            "t": 302,
            "p": 1
        },
        {
            "h": 104,
            "s": 90,
            "t": 305,
            "p": 1
        },
        {
            "h": 104,
            "s": 90,
            "t": 306,
            "p": 1
        },
        {
            "h": 104,
            "s": 91,
            "t": 310,
            "p": 1
        },
        {
            "h": 103,
            "s": 91,
            "t": 311,
            "p": 1
        },
        {
            "h": 103,
            "s": 91,
            "t": 313,
            "p": 1
        },
        {
            "h": 103,
            "s": 90,
            "t": 314,
            "p": 1
        },
        {
            "h": 103,
            "s": 90,
            "t": 315,
            "p": 1
        },
        {
            "h": 103,
            "s": 90,
            "t": 316,
            "p": 1
        },
        {
            "h": 103,
            "s": 90,
            "t": 317,
            "p": 1
        },
        {
            "h": 103,
            "s": 90,
            "t": 318,
            "p": 1
        },
        {
            "h": 103,
            "s": 90,
            "t": 319,
            "p": 1
        },
        {
            "h": 103,
            "s": 90,
            "t": 321,
            "p": 1
        },
        {
            "h": 104,
            "s": 90,
            "t": 324,
            "p": 1
        },
        {
            "h": 105,
            "s": 90,
            "t": 330,
            "p": 1
        },
        {
            "h": 107,
            "s": 90,
            "t": 331,
            "p": 1
        },
        {
            "h": 116,
            "s": 89,
            "t": 332,
            "p": 1
        },
        {
            "h": 122,
            "s": 89,
            "t": 334,
            "p": 1
        },
        {
            "h": 122,
            "s": 89,
            "t": 335,
            "p": 1
        },
        {
            "h": 121,
            "s": 89,
            "t": 336,
            "p": 1
        },
        {
            "h": 119,
            "s": 90,
            "t": 337,
            "p": 1
        },
        {
            "h": 119,
            "s": 90,
            "t": 339,
            "p": 1
        },
        {
            "h": 119,
            "s": 90,
            "t": 341,
            "p": 1
        },
        {
            "h": 119,
            "s": 90,
            "t": 342,
            "p": 1
        },
        {
            "h": 108,
            "s": 90,
            "t": 355,
            "p": 1
        },
        {
            "h": 106,
            "s": 91,
            "t": 356,
            "p": 1
        },
        {
            "h": 105,
            "s": 91,
            "t": 357,
            "p": 1
        },
        {
            "h": 102,
            "s": 91,
            "t": 358,
            "p": 1
        },
        {
            "h": 101,
            "s": 91,
            "t": 360,
            "p": 2
        },
        {
            "h": 101,
            "s": 91,
            "t": 363,
            "p": 2
        },
        {
            "h": 101,
            "s": 91,
            "t": 364,
            "p": 2
        },
        {
            "h": 98,
            "s": 90,
            "t": 373,
            "p": 2
        },
        {
            "h": 98,
            "s": 90,
            "t": 374,
            "p": 2
        },
        {
            "h": 103,
            "s": 90,
            "t": 375,
            "p": 2
        },
        {
            "h": 102,
            "s": 90,
            "t": 377,
            "p": 2
        },
        {
            "h": 102,
            "s": 90,
            "t": 380,
            "p": 2
        },
        {
            "h": 102,
            "s": 90,
            "t": 381,
            "p": 2
        },
        {
            "h": 101,
            "s": 90,
            "t": 382,
            "p": 2
        },
        {
            "h": 98,
            "s": 90,
            "t": 383,
            "p": 2
        },
        {
            "h": 97,
            "s": 90,
            "t": 384,
            "p": 2
        },
        {
            "h": 96,
            "s": 90,
            "t": 385,
            "p": 2
        },
        {
            "h": 95,
            "s": 90,
            "t": 386,
            "p": 2
        },
        {
            "h": 95,
            "s": 91,
            "t": 387,
            "p": 2
        },
        {
            "h": 94,
            "s": 91,
            "t": 388,
            "p": 2
        },
        {
            "h": 93,
            "s": 92,
            "t": 389,
            "p": 2
        },
        {
            "h": 92,
            "s": 92,
            "t": 390,
            "p": 2
        },
        {
            "h": 88,
            "s": 92,
            "t": 391,
            "p": 2
        },
        {
            "h": 87,
            "s": 92,
            "t": 392,
            "p": 2
        },
        {
            "h": 86,
            "s": 91,
            "t": 393,
            "p": 2
        },
        {
            "h": 85,
            "s": 91,
            "t": 394,
            "p": 2
        },
        {
            "h": 85,
            "s": 90,
            "t": 395,
            "p": 2
        },
        {
            "h": 84,
            "s": 90,
            "t": 396,
            "p": 2
        },
        {
            "h": 82,
            "s": 89,
            "t": 397,
            "p": 2
        },
        {
            "h": 80,
            "s": 89,
            "t": 398,
            "p": 2
        },
        {
            "h": 82,
            "s": 88,
            "t": 399,
            "p": 2
        },
        {
            "h": 85,
            "s": 88,
            "t": 400,
            "p": 2
        },
        {
            "h": 90,
            "s": 88,
            "t": 401,
            "p": 2
        },
        {
            "h": 94,
            "s": 88,
            "t": 402,
            "p": 2
        },
        {
            "h": 95,
            "s": 90,
            "t": 403,
            "p": 2
        },
        {
            "h": 97,
            "s": 91,
            "t": 404,
            "p": 2
        },
        {
            "h": 98,
            "s": 92,
            "t": 405,
            "p": 2
        },
        {
            "h": 96,
            "s": 92,
            "t": 406,
            "p": 2
        },
        {
            "h": 91,
            "s": 92,
            "t": 407,
            "p": 2
        },
        {
            "h": 83,
            "s": 92,
            "t": 408,
            "p": 2
        },
        {
            "h": 82,
            "s": 92,
            "t": 409,
            "p": 2
        },
        {
            "h": 82,
            "s": 91,
            "t": 410,
            "p": 2
        },
        {
            "h": 83,
            "s": 92,
            "t": 411,
            "p": 2
        },
        {
            "h": 87,
            "s": 92,
            "t": 412,
            "p": 2
        },
        {
            "h": 88,
            "s": 92,
            "t": 413,
            "p": 2
        },
        {
            "h": 90,
            "s": 92,
            "t": 414,
            "p": 2
        },
        {
            "h": 91,
            "s": 92,
            "t": 415,
            "p": 2
        },
        {
            "h": 87,
            "s": 93,
            "t": 416,
            "p": 2
        },
        {
            "h": 82,
            "s": 92,
            "t": 417,
            "p": 2
        },
        {
            "h": 79,
            "s": 92,
            "t": 418,
            "p": 2
        },
        {
            "h": 75,
            "s": 92,
            "t": 419,
            "p": 2
        }
    ]
}