{
    "test": {
      "pid": "d3f1a2b4-7e8c-4d5a-9012-3b4c5d6e1806",
      "did": "c4e5f6a7-8b9c-0d1e-2f3a-4b5c6d7e1806",
      "tid": "e7f8a9b0-1c2d-3e4f-5a6b-7c8d9e0f1a2b",
      "pulsid": "Nonin3150_505080743",
      "date": "2024-07-09T18:00:00.000",
      "o2": 0,
      "weight": 77,
      "height": 146,
      "age": 60,
      "cone_distance": 30
    },
    "initial": {
      "spo": 98,
      "hr": 82,
      "d": 0,
      "f": 0
    },
    "final": {
      "meters": 190,
      "d": 6,
      "f": 5,
      "pascon_count": 6,
      "half_rest_spo": 98,
      "half_rest_hr": 81,
      "end_rest_spo": 96,
      "end_rest_hr": 84,
      "comment": "\n Parada en segundo: 290\", duración: 8\"\n Parada en segundo: 230\", duración: 10\"\n Parada en segundo: 170\", duración: 11\"\n Parada en segundo: 105\", duración: 8\""
    },
    "pascon": [
      { "n": 0, "t": 41, "s": 94, "h": 77 },
      { "n": 1, "t": 90, "s": 96, "h": 84 },
      { "n": 2, "t": 150, "s": 95, "h": 82 },
      { "n": 3, "t": 210, "s": 93, "h": 77 },
      { "n": 4, "t": 270, "s": 97, "h": 82 },
      { "n": 5, "t": 330, "s": 94, "h": 82 }
    ],
    "stops": [
      { "time": 100, "len": 8 },
      { "time": 165, "len": 9 },
      { "time": 225, "len": 8 },
      { "time": 290, "len": 7 }
    ],
    "data": [
      { "p": 0, "t": -20, "s": 98, "h": 85 },
      { "p": 0, "t": -18, "s": 98, "h": 85 },
      { "p": 0, "t": -17, "s": 98, "h": 84 },
      { "p": 0, "t": -16, "s": 98, "h": 84 },
      { "p": 0, "t": -15, "s": 98, "h": 84 },
      { "p": 0, "t": -14, "s": 98, "h": 83 },
      { "p": 0, "t": -13, "s": 98, "h": 83 },
      { "p": 0, "t": -12, "s": 98, "h": 83 },
      { "p": 0, "t": -11, "s": 98, "h": 83 },
      { "p": 0, "t": -10, "s": 98, "h": 83 },
      { "p": 0, "t": -9, "s": 98, "h": 83 },
      { "p": 0, "t": -8, "s": 98, "h": 83 },
      { "p": 0, "t": -7, "s": 98, "h": 83 },
      { "p": 0, "t": -6, "s": 98, "h": 82 },
      { "p": 0, "t": -5, "s": 98, "h": 82 },
      { "p": 0, "t": -4, "s": 98, "h": 82 },
      { "p": 0, "t": -3, "s": 98, "h": 82 },
      { "p": 0, "t": -2, "s": 98, "h": 82 },
      { "p": 0, "t": -1, "s": 98, "h": 82 },
      { "p": 1, "t": 0, "s": 98, "h": 82 },
      { "p": 1, "t": 1, "s": 98, "h": 82 },
      { "p": 1, "t": 2, "s": 98, "h": 82 },
      { "p": 1, "t": 3, "s": 98, "h": 82 },
      { "p": 1, "t": 4, "s": 98, "h": 82 },
      { "p": 1, "t": 5, "s": 98, "h": 82 },
      { "p": 1, "t": 6, "s": 98, "h": 82 },
      { "p": 1, "t": 8, "s": 98, "h": 82 },
      { "p": 1, "t": 9, "s": 98, "h": 82 },
      { "p": 1, "t": 11, "s": 98, "h": 82 },
      { "p": 1, "t": 17, "s": 97, "h": 82 },
      { "p": 1, "t": 18, "s": 97, "h": 82 },
      { "p": 1, "t": 19, "s": 97, "h": 82 },
      { "p": 1, "t": 20, "s": 97, "h": 82 },
      { "p": 1, "t": 22, "s": 98, "h": 81 },
      { "p": 1, "t": 23, "s": 97, "h": 81 },
      { "p": 1, "t": 26, "s": 96, "h": 81 },
      { "p": 1, "t": 27, "s": 96, "h": 81 },
      { "p": 1, "t": 28, "s": 96, "h": 80 },
      { "p": 1, "t": 29, "s": 95, "h": 80 },
      { "p": 1, "t": 33, "s": 95, "h": 80 },
      { "p": 1, "t": 34, "s": 95, "h": 80 },
      { "p": 1, "t": 35, "s": 95, "h": 80 },
      { "p": 1, "t": 39, "s": 95, "h": 80 },
      { "p": 1, "t": 40, "s": 95, "h": 80 },
      { "p": 1, "t": 41, "s": 95, "h": 79 },
      { "p": 1, "t": 42, "s": 95, "h": 79 },
      { "p": 1, "t": 43, "s": 95, "h": 79 },
      { "p": 1, "t": 44, "s": 95, "h": 80 },
      { "p": 1, "t": 47, "s": 95, "h": 80 },
      { "p": 1, "t": 49, "s": 94, "h": 80 },
      { "p": 1, "t": 52, "s": 94, "h": 80 },
      { "p": 1, "t": 53, "s": 94, "h": 80 },
      { "p": 1, "t": 55, "s": 94, "h": 80 },
      { "p": 1, "t": 56, "s": 93, "h": 80 },
      { "p": 1, "t": 57, "s": 93, "h": 81 },
      { "p": 1, "t": 58, "s": 93, "h": 81 },
      { "p": 1, "t": 59, "s": 93, "h": 83 },
      { "p": 1, "t": 60, "s": 93, "h": 83 },
      { "p": 1, "t": 61, "s": 93, "h": 83 },
      { "p": 1, "t": 62, "s": 93, "h": 83 },
      { "p": 1, "t": 63, "s": 93, "h": 84 },
      { "p": 1, "t": 64, "s": 94, "h": 84 },
      { "p": 1, "t": 65, "s": 94, "h": 85 },
      { "p": 1, "t": 68, "s": 94, "h": 85 },
      { "p": 1, "t": 70, "s": 94, "h": 85 },
      { "p": 1, "t": 71, "s": 94, "h": 85 },
      { "p": 1, "t": 72, "s": 95, "h": 85 },
      { "p": 1, "t": 73, "s": 94, "h": 85 },
      { "p": 1, "t": 74, "s": 94, "h": 85 },
      { "p": 1, "t": 75, "s": 95, "h": 85 },
      { "p": 1, "t": 76, "s": 95, "h": 85 },
      { "p": 1, "t": 77, "s": 95, "h": 85 },
      { "p": 1, "t": 80, "s": 95, "h": 85 },
      { "p": 1, "t": 81, "s": 95, "h": 85 },
      { "p": 1, "t": 83, "s": 96, "h": 85 },
      { "p": 1, "t": 84, "s": 95, "h": 85 },
      { "p": 1, "t": 85, "s": 96, "h": 84 },
      { "p": 1, "t": 86, "s": 97, "h": 84 },
      { "p": 1, "t": 89, "s": 97, "h": 84 },
      { "p": 1, "t": 91, "s": 97, "h": 84 },
      { "p": 1, "t": 94, "s": 97, "h": 84 },
      { "p": 1, "t": 95, "s": 97, "h": 84 },
      { "p": 1, "t": 96, "s": 97, "h": 84 },
      { "p": 3, "t": 97, "s": 97, "h": 84 },
      { "p": 3, "t": 98, "s": 97, "h": 84 },
      { "p": 3, "t": 99, "s": 98, "h": 83 },
      { "p": 3, "t": 100, "s": 98, "h": 83 },
      { "p": 3, "t": 101, "s": 98, "h": 83 },
      { "p": 3, "t": 102, "s": 98, "h": 82 },
      { "p": 3, "t": 103, "s": 98, "h": 82 },
      { "p": 3, "t": 104, "s": 98, "h": 82 },
      { "p": 1, "t": 105, "s": 98, "h": 82 },
      { "p": 1, "t": 107, "s": 98, "h": 82 },
      { "p": 1, "t": 110, "s": 98, "h": 82 },
      { "p": 1, "t": 113, "s": 98, "h": 82 },
      { "p": 1, "t": 116, "s": 98, "h": 82 },
      { "p": 1, "t": 118, "s": 98, "h": 82 },
      { "p": 1, "t": 119, "s": 98, "h": 82 },
      { "p": 1, "t": 120, "s": 97, "h": 82 },
      { "p": 1, "t": 121, "s": 95, "h": 82 },
      { "p": 1, "t": 123, "s": 95, "h": 82 },
      { "p": 1, "t": 124, "s": 95, "h": 82 },
      { "p": 1, "t": 125, "s": 95, "h": 82 },
      { "p": 1, "t": 128, "s": 95, "h": 82 },
      { "p": 1, "t": 129, "s": 94, "h": 82 },
      { "p": 1, "t": 130, "s": 94, "h": 82 },
      { "p": 1, "t": 131, "s": 94, "h": 82 },
      { "p": 1, "t": 133, "s": 94, "h": 82 },
      { "p": 1, "t": 134, "s": 94, "h": 82 },
      { "p": 1, "t": 136, "s": 93, "h": 82 },
      { "p": 1, "t": 137, "s": 94, "h": 82 },
      { "p": 1, "t": 138, "s": 94, "h": 82 },
      { "p": 1, "t": 139, "s": 94, "h": 82 },
      { "p": 1, "t": 142, "s": 94, "h": 82 },
      { "p": 1, "t": 143, "s": 94, "h": 82 },
      { "p": 1, "t": 145, "s": 96, "h": 82 },
      { "p": 1, "t": 146, "s": 96, "h": 82 },
      { "p": 1, "t": 147, "s": 96, "h": 82 },
      { "p": 1, "t": 148, "s": 95, "h": 82 },
      { "p": 1, "t": 149, "s": 95, "h": 82 },
      { "p": 1, "t": 150, "s": 95, "h": 82 },
      { "p": 1, "t": 151, "s": 95, "h": 82 },
      { "p": 1, "t": 152, "s": 95, "h": 82 },
      { "p": 1, "t": 153, "s": 95, "h": 82 },
      { "p": 1, "t": 155, "s": 95, "h": 82 },
      { "p": 1, "t": 157, "s": 95, "h": 82 },
      { "p": 1, "t": 158, "s": 96, "h": 82 },
      { "p": 1, "t": 159, "s": 96, "h": 82 },
      { "p": 3, "t": 161, "s": 97, "h": 82 },
      { "p": 3, "t": 162, "s": 97, "h": 82 },
      { "p": 3, "t": 163, "s": 98, "h": 82 },
      { "p": 3, "t": 164, "s": 98, "h": 82 },
      { "p": 3, "t": 165, "s": 99, "h": 82 },
      { "p": 3, "t": 166, "s": 99, "h": 82 },
      { "p": 3, "t": 167, "s": 99, "h": 81 },
      { "p": 3, "t": 168, "s": 99, "h": 81 },
      { "p": 3, "t": 169, "s": 99, "h": 81 },
      { "p": 1, "t": 172, "s": 98, "h": 81 },
      { "p": 1, "t": 173, "s": 98, "h": 81 },
      { "p": 1, "t": 174, "s": 98, "h": 81 },
      { "p": 1, "t": 176, "s": 97, "h": 81 },
      { "p": 1, "t": 177, "s": 97, "h": 81 },
      { "p": 1, "t": 178, "s": 96, "h": 81 },
      { "p": 1, "t": 179, "s": 96, "h": 81 },
      { "p": 1, "t": 181, "s": 95, "h": 80 },
      { "p": 1, "t": 183, "s": 95, "h": 80 },
      { "p": 1, "t": 185, "s": 95, "h": 80 },
      { "p": 1, "t": 186, "s": 95, "h": 80 },
      { "p": 1, "t": 187, "s": 95, "h": 79 },
      { "p": 1, "t": 188, "s": 95, "h": 79 },
      { "p": 1, "t": 189, "s": 94, "h": 79 },
      { "p": 1, "t": 190, "s": 94, "h": 79 },
      { "p": 1, "t": 192, "s": 95, "h": 80 },
      { "p": 1, "t": 194, "s": 95, "h": 80 },
      { "p": 1, "t": 195, "s": 95, "h": 80 },
      { "p": 1, "t": 197, "s": 94, "h": 80 },
      { "p": 1, "t": 198, "s": 94, "h": 80 },
      { "p": 1, "t": 200, "s": 91, "h": 80 },
      { "p": 1, "t": 201, "s": 91, "h": 80 },
      { "p": 1, "t": 202, "s": 92, "h": 78 },
      { "p": 1, "t": 204, "s": 94, "h": 78 },
      { "p": 1, "t": 207, "s": 94, "h": 78 },
      { "p": 1, "t": 208, "s": 94, "h": 78 },
      { "p": 1, "t": 209, "s": 94, "h": 78 },
      { "p": 1, "t": 210, "s": 94, "h": 78 },
      { "p": 1, "t": 211, "s": 92, "h": 78 },
      { "p": 1, "t": 212, "s": 92, "h": 78 },
      { "p": 1, "t": 214, "s": 92, "h": 78 },
      { "p": 1, "t": 215, "s": 91, "h": 78 },
      { "p": 1, "t": 216, "s": 91, "h": 78 },
      { "p": 1, "t": 217, "s": 92, "h": 78 },
      { "p": 1, "t": 218, "s": 92, "h": 78 },
      { "p": 1, "t": 220, "s": 92, "h": 79 },
      { "p": 1, "t": 221, "s": 92, "h": 79 },
      { "p": 1, "t": 222, "s": 92, "h": 79 },
      { "p": 1, "t": 223, "s": 92, "h": 80 },
      { "p": 1, "t": 224, "s": 92, "h": 81 },
      { "p": 1, "t": 225, "s": 92, "h": 81 },
      { "p": 1, "t": 226, "s": 93, "h": 80 },
      { "p": 1, "t": 228, "s": 93, "h": 80 },
      { "p": 1, "t": 229, "s": 93, "h": 81 },
      { "p": 1, "t": 230, "s": 93, "h": 81 },
      { "p": 1, "t": 231, "s": 92, "h": 80 },
      { "p": 1, "t": 235, "s": 92, "h": 80 },
      { "p": 1, "t": 237, "s": 92, "h": 80 },
      { "p": 1, "t": 238, "s": 92, "h": 80 },
      { "p": 1, "t": 239, "s": 92, "h": 79 },
      { "p": 1, "t": 240, "s": 93, "h": 79 },
      { "p": 1, "t": 241, "s": 93, "h": 79 },
      { "p": 1, "t": 242, "s": 93, "h": 79 },
      { "p": 1, "t": 243, "s": 93, "h": 79 },
      { "p": 1, "t": 244, "s": 93, "h": 79 },
      { "p": 1, "t": 245, "s": 92, "h": 79 },
      { "p": 1, "t": 246, "s": 92, "h": 79 },
      { "p": 1, "t": 247, "s": 92, "h": 79 },
      { "p": 1, "t": 248, "s": 92, "h": 79 },
      { "p": 1, "t": 249, "s": 92, "h": 79 },
      { "p": 1, "t": 250, "s": 92, "h": 79 },
      { "p": 1, "t": 251, "s": 92, "h": 79 },
      { "p": 1, "t": 252, "s": 92, "h": 79 },
      { "p": 1, "t": 254, "s": 91, "h": 76 },
      { "p": 1, "t": 256, "s": 91, "h": 78 },
      { "p": 1, "t": 258, "s": 91, "h": 80 },
      { "p": 1, "t": 259, "s": 91, "h": 82 },
      { "p": 1, "t": 260, "s": 91, "h": 84 },
      { "p": 1, "t": 261, "s": 91, "h": 85 },
      { "p": 1, "t": 265, "s": 91, "h": 85 },
      { "p": 1, "t": 266, "s": 91, "h": 87 },
      { "p": 1, "t": 267, "s": 91, "h": 88 },
      { "p": 1, "t": 269, "s": 91, "h": 90 },
      { "p": 1, "t": 271, "s": 91, "h": 91 },
      { "p": 1, "t": 272, "s": 91, "h": 91 },
      { "p": 1, "t": 273, "s": 91, "h": 91 },
      { "p": 1, "t": 274, "s": 91, "h": 91 },
      { "p": 1, "t": 275, "s": 91, "h": 91 },
      { "p": 1, "t": 280, "s": 91, "h": 91 },
      { "p": 1, "t": 282, "s": 91, "h": 91 },
      { "p": 1, "t": 285, "s": 91, "h": 91 },
      { "p": 1, "t": 286, "s": 91, "h": 91 },
      { "p": 1, "t": 287, "s": 91, "h": 91 },
      { "p": 1, "t": 289, "s": 91, "h": 91 },
      { "p": 1, "t": 290, "s": 91, "h": 91 },
      { "p": 1, "t": 291, "s": 91, "h": 91 },
      { "p": 1, "t": 292, "s": 92, "h": 90 },
      { "p": 1, "t": 293, "s": 92, "h": 91 },
      { "p": 1, "t": 295, "s": 92, "h": 91 },
      { "p": 1, "t": 296, "s": 92, "h": 91 },
      { "p": 1, "t": 299, "s": 92, "h": 91 },
      { "p": 1, "t": 301, "s": 92, "h": 91 },
      { "p": 1, "t": 302, "s": 92, "h": 91 },
      { "p": 1, "t": 303, "s": 92, "h": 91 },
      { "p": 1, "t": 305, "s": 91, "h": 90 },
      { "p": 1, "t": 310, "s": 91, "h": 91 },
      { "p": 1, "t": 311, "s": 90, "h": 91 },
      { "p": 1, "t": 312, "s": 91, "h": 91 },
      { "p": 1, "t": 313, "s": 91, "h": 91 },
      { "p": 1, "t": 317, "s": 90, "h": 91 },
      { "p": 1, "t": 318, "s": 90, "h": 91 },
      { "p": 1, "t": 320, "s": 90, "h": 91 },
      { "p": 1, "t": 321, "s": 90, "h": 91 },
      { "p": 1, "t": 322, "s": 90, "h": 91 },
      { "p": 1, "t": 323, "s": 91, "h": 91 },
      { "p": 1, "t": 324, "s": 92, "h": 91 },
      { "p": 1, "t": 326, "s": 93, "h": 91 },
      { "p": 1, "t": 327, "s": 93, "h": 91 },
      { "p": 1, "t": 329, "s": 91, "h": 91 },
      { "p": 1, "t": 330, "s": 91, "h": 90 },
      { "p": 1, "t": 332, "s": 91, "h": 90 },
      { "p": 1, "t": 335, "s": 91, "h": 90 },
      { "p": 1, "t": 336, "s": 91, "h": 90 },
      { "p": 1, "t": 337, "s": 90, "h": 90 },
      { "p": 1, "t": 338, "s": 91, "h": 90 },
      { "p": 1, "t": 339, "s": 90, "h": 90 },
      { "p": 1, "t": 340, "s": 90, "h": 90 },
      { "p": 1, "t": 344, "s": 90, "h": 90 },
      { "p": 1, "t": 345, "s": 90, "h": 90 },
      { "p": 1, "t": 347, "s": 90, "h": 90 },
      { "p": 1, "t": 348, "s": 90, "h": 90 },
      { "p": 1, "t": 350, "s": 90, "h": 90 },
      { "p": 1, "t": 355, "s": 90, "h": 90 },
      { "p": 1, "t": 356, "s": 90, "h": 90 },
      { "p": 1, "t": 357, "s": 90, "h": 90 },
      { "p": 2, "t": 360, "s": 91, "h": 82 },
      { "p": 2, "t": 362, "s": 91, "h": 82 },
      { "p": 2, "t": 363, "s": 91, "h": 82 },
      { "p": 2, "t": 364, "s": 91, "h": 81 },
      { "p": 2, "t": 365, "s": 91, "h": 80 },
      { "p": 2, "t": 369, "s": 91, "h": 80 },
      { "p": 2, "t": 370, "s": 91, "h": 79 },
      { "p": 2, "t": 373, "s": 91, "h": 79 },
      { "p": 2, "t": 374, "s": 91, "h": 79 },
      { "p": 2, "t": 375, "s": 91, "h": 79 },
      { "p": 2, "t": 376, "s": 91, "h": 79 },
      { "p": 2, "t": 377, "s": 91, "h": 79 },
      { "p": 2, "t": 378, "s": 91, "h": 79 },
      { "p": 2, "t": 379, "s": 91, "h": 80 },
      { "p": 2, "t": 380, "s": 91, "h": 80 },
      { "p": 2, "t": 381, "s": 91, "h": 80 },
      { "p": 2, "t": 382, "s": 90, "h": 79 },
      { "p": 2, "t": 383, "s": 90, "h": 79 },
      { "p": 2, "t": 384, "s": 90, "h": 79 },
      { "p": 2, "t": 385, "s": 90, "h": 79 },
      { "p": 2, "t": 386, "s": 90, "h": 79 },
      { "p": 2, "t": 387, "s": 91, "h": 79 },
      { "p": 2, "t": 388, "s": 91, "h": 79 },
      { "p": 2, "t": 389, "s": 91, "h": 79 },
      { "p": 2, "t": 390, "s": 91, "h": 79 },
      { "p": 2, "t": 391, "s": 91, "h": 79 },
      { "p": 2, "t": 392, "s": 91, "h": 79 },
      { "p": 2, "t": 393, "s": 91, "h": 79 },
      { "p": 2, "t": 395, "s": 91, "h": 79 },
      { "p": 2, "t": 396, "s": 91, "h": 79 },
      { "p": 2, "t": 397, "s": 91, "h": 79 },
      { "p": 2, "t": 398, "s": 91, "h": 79 },
      { "p": 2, "t": 399, "s": 91, "h": 79 },
      { "p": 2, "t": 400, "s": 91, "h": 79 },
      { "p": 2, "t": 401, "s": 91, "h": 79 },
      { "p": 2, "t": 402, "s": 91, "h": 79 },
      { "p": 2, "t": 403, "s": 91, "h": 79 },
      { "p": 2, "t": 404, "s": 91, "h": 79 },
      { "p": 2, "t": 405, "s": 91, "h": 79 },
      { "p": 2, "t": 406, "s": 91, "h": 79 },
      { "p": 2, "t": 407, "s": 91, "h": 79 },
      { "p": 2, "t": 408, "s": 91, "h": 79 }
    ]
  }
  