{
    "test": {
        "pid": "1a430dcb-7332-09c1-c92f-63ecc76fb740",
        "did": "c2d4d7b2-25b9-b0c0-206b-633ff7419660",
        "tid": "90a4f74b-3375-173a-14b1-63ecc7e13890",
        "pulsid": "Nonin3150_502720007",
        "date": "2023-02-15T12:54:03.141199",
        "o2": 0,
        "weight": 95,
        "height": 177,
        "age": 59,
        "cone_distance": 25
    },
    "initial": {
        "spo": 97,
        "hr": 59,
        "d": -1,
        "f": -1
    },
    "final": {
        "meters": 436,
        "d": -1,
        "f": -1,
        "pascon_count": 17,
        "half_rest_spo": 97,
        "half_rest_hr": 76,
        "end_rest_spo": 97,
        "end_rest_hr": 64,
        "comment": ""
    },
    "pascon": [
        {
            "n": 0,
            "t": 18,
            "s": 98,
            "h": 72
        },
        {
            "n": 1,
            "t": 37,
            "s": 98,
            "h": 73
        },
        {
            "n": 2,
            "t": 58,
            "s": 97,
            "h": 77
        },
        {
            "n": 3,
            "t": 79,
            "s": 96,
            "h": 86
        },
        {
            "n": 4,
            "t": 99,
            "s": 96,
            "h": 87
        },
        {
            "n": 5,
            "t": 120,
            "s": 94,
            "h": 85
        },
        {
            "n": 6,
            "t": 141,
            "s": 96,
            "h": 83
        },
        {
            "n": 7,
            "t": 162,
            "s": 95,
            "h": 82
        },
        {
            "n": 8,
            "t": 183,
            "s": 95,
            "h": 73
        },
        {
            "n": 9,
            "t": 203,
            "s": 96,
            "h": 76
        },
        {
            "n": 10,
            "t": 224,
            "s": 95,
            "h": 82
        },
        {
            "n": 11,
            "t": 244,
            "s": 96,
            "h": 74
        },
        {
            "n": 12,
            "t": 265,
            "s": 95,
            "h": 78
        },
        {
            "n": 13,
            "t": 287,
            "s": 95,
            "h": 83
        },
        {
            "n": 14,
            "t": 309,
            "s": 97,
            "h": 82
        },
        {
            "n": 15,
            "t": 330,
            "s": 97,
            "h": 83
        },
        {
            "n": 16,
            "t": 351,
            "s": 97,
            "h": 86
        }
    ],
    "stops": [],
    "data": [
        {
            "p": 0,
            "t": -27,
            "s": 96,
            "h": 63
        },
        {
            "p": 0,
            "t": -26,
            "s": 96,
            "h": 63
        },
        {
            "p": 0,
            "t": -25,
            "s": 96,
            "h": 63
        },
        {
            "p": 0,
            "t": -24,
            "s": 96,
            "h": 62
        },
        {
            "p": 0,
            "t": -23,
            "s": 96,
            "h": 62
        },
        {
            "p": 0,
            "t": -22,
            "s": 97,
            "h": 62
        },
        {
            "p": 0,
            "t": -21,
            "s": 97,
            "h": 61
        },
        {
            "p": 0,
            "t": -20,
            "s": 96,
            "h": 61
        },
        {
            "p": 0,
            "t": -19,
            "s": 96,
            "h": 60
        },
        {
            "p": 0,
            "t": -18,
            "s": 96,
            "h": 61
        },
        {
            "p": 0,
            "t": -17,
            "s": 96,
            "h": 60
        },
        {
            "p": 0,
            "t": -16,
            "s": 96,
            "h": 60
        },
        {
            "p": 0,
            "t": -15,
            "s": 97,
            "h": 60
        },
        {
            "p": 0,
            "t": -14,
            "s": 97,
            "h": 60
        },
        {
            "p": 0,
            "t": -13,
            "s": 97,
            "h": 60
        },
        {
            "p": 0,
            "t": -12,
            "s": 97,
            "h": 60
        },
        {
            "p": 0,
            "t": -11,
            "s": 97,
            "h": 59
        },
        {
            "p": 0,
            "t": -10,
            "s": 97,
            "h": 60
        },
        {
            "p": 0,
            "t": -9,
            "s": 97,
            "h": 60
        },
        {
            "p": 0,
            "t": -7,
            "s": 97,
            "h": 60
        },
        {
            "p": 0,
            "t": -6,
            "s": 97,
            "h": 60
        },
        {
            "p": 0,
            "t": -5,
            "s": 97,
            "h": 61
        },
        {
            "p": 0,
            "t": -4,
            "s": 97,
            "h": 62
        },
        {
            "p": 0,
            "t": -3,
            "s": 97,
            "h": 63
        },
        {
            "p": 0,
            "t": -2,
            "s": 96,
            "h": 65
        },
        {
            "p": 0,
            "t": -1,
            "s": 96,
            "h": 66
        },
        {
            "p": 1,
            "t": 0,
            "s": 96,
            "h": 67
        },
        {
            "p": 1,
            "t": 1,
            "s": 96,
            "h": 68
        },
        {
            "p": 1,
            "t": 2,
            "s": 96,
            "h": 69
        },
        {
            "p": 1,
            "t": 3,
            "s": 96,
            "h": 69
        },
        {
            "p": 1,
            "t": 4,
            "s": 96,
            "h": 70
        },
        {
            "p": 1,
            "t": 5,
            "s": 96,
            "h": 70
        },
        {
            "p": 1,
            "t": 6,
            "s": 97,
            "h": 71
        },
        {
            "p": 1,
            "t": 7,
            "s": 97,
            "h": 71
        },
        {
            "p": 1,
            "t": 8,
            "s": 97,
            "h": 71
        },
        {
            "p": 1,
            "t": 9,
            "s": 97,
            "h": 71
        },
        {
            "p": 1,
            "t": 10,
            "s": 97,
            "h": 68
        },
        {
            "p": 1,
            "t": 11,
            "s": 97,
            "h": 70
        },
        {
            "p": 1,
            "t": 12,
            "s": 98,
            "h": 70
        },
        {
            "p": 1,
            "t": 13,
            "s": 98,
            "h": 70
        },
        {
            "p": 1,
            "t": 14,
            "s": 98,
            "h": 71
        },
        {
            "p": 1,
            "t": 15,
            "s": 98,
            "h": 71
        },
        {
            "p": 1,
            "t": 16,
            "s": 98,
            "h": 72
        },
        {
            "p": 1,
            "t": 17,
            "s": 98,
            "h": 72
        },
        {
            "p": 1,
            "t": 18,
            "s": 98,
            "h": 72
        },
        {
            "p": 1,
            "t": 19,
            "s": 98,
            "h": 72
        },
        {
            "p": 1,
            "t": 20,
            "s": 98,
            "h": 73
        },
        {
            "p": 1,
            "t": 22,
            "s": 98,
            "h": 73
        },
        {
            "p": 1,
            "t": 26,
            "s": 98,
            "h": 73
        },
        {
            "p": 1,
            "t": 28,
            "s": 98,
            "h": 73
        },
        {
            "p": 1,
            "t": 29,
            "s": 98,
            "h": 73
        },
        {
            "p": 1,
            "t": 39,
            "s": 98,
            "h": 75
        },
        {
            "p": 1,
            "t": 40,
            "s": 98,
            "h": 76
        },
        {
            "p": 1,
            "t": 41,
            "s": 98,
            "h": 76
        },
        {
            "p": 1,
            "t": 44,
            "s": 98,
            "h": 76
        },
        {
            "p": 1,
            "t": 46,
            "s": 98,
            "h": 76
        },
        {
            "p": 1,
            "t": 48,
            "s": 98,
            "h": 76
        },
        {
            "p": 1,
            "t": 49,
            "s": 98,
            "h": 76
        },
        {
            "p": 1,
            "t": 50,
            "s": 98,
            "h": 76
        },
        {
            "p": 1,
            "t": 51,
            "s": 98,
            "h": 76
        },
        {
            "p": 1,
            "t": 55,
            "s": 97,
            "h": 77
        },
        {
            "p": 1,
            "t": 57,
            "s": 97,
            "h": 77
        },
        {
            "p": 1,
            "t": 58,
            "s": 97,
            "h": 77
        },
        {
            "p": 1,
            "t": 59,
            "s": 97,
            "h": 77
        },
        {
            "p": 1,
            "t": 60,
            "s": 96,
            "h": 78
        },
        {
            "p": 1,
            "t": 62,
            "s": 96,
            "h": 79
        },
        {
            "p": 1,
            "t": 63,
            "s": 96,
            "h": 79
        },
        {
            "p": 1,
            "t": 64,
            "s": 97,
            "h": 80
        },
        {
            "p": 1,
            "t": 65,
            "s": 97,
            "h": 80
        },
        {
            "p": 1,
            "t": 66,
            "s": 97,
            "h": 80
        },
        {
            "p": 1,
            "t": 67,
            "s": 96,
            "h": 81
        },
        {
            "p": 1,
            "t": 69,
            "s": 96,
            "h": 82
        },
        {
            "p": 1,
            "t": 71,
            "s": 96,
            "h": 82
        },
        {
            "p": 1,
            "t": 73,
            "s": 96,
            "h": 83
        },
        {
            "p": 1,
            "t": 75,
            "s": 96,
            "h": 84
        },
        {
            "p": 1,
            "t": 77,
            "s": 96,
            "h": 85
        },
        {
            "p": 1,
            "t": 78,
            "s": 96,
            "h": 86
        },
        {
            "p": 1,
            "t": 79,
            "s": 96,
            "h": 87
        },
        {
            "p": 1,
            "t": 80,
            "s": 97,
            "h": 87
        },
        {
            "p": 1,
            "t": 81,
            "s": 96,
            "h": 87
        },
        {
            "p": 1,
            "t": 82,
            "s": 97,
            "h": 86
        },
        {
            "p": 1,
            "t": 86,
            "s": 97,
            "h": 86
        },
        {
            "p": 1,
            "t": 87,
            "s": 97,
            "h": 86
        },
        {
            "p": 1,
            "t": 89,
            "s": 97,
            "h": 86
        },
        {
            "p": 1,
            "t": 90,
            "s": 97,
            "h": 86
        },
        {
            "p": 1,
            "t": 91,
            "s": 97,
            "h": 86
        },
        {
            "p": 1,
            "t": 93,
            "s": 97,
            "h": 86
        },
        {
            "p": 1,
            "t": 95,
            "s": 97,
            "h": 86
        },
        {
            "p": 1,
            "t": 97,
            "s": 97,
            "h": 87
        },
        {
            "p": 1,
            "t": 98,
            "s": 97,
            "h": 87
        },
        {
            "p": 1,
            "t": 99,
            "s": 96,
            "h": 87
        },
        {
            "p": 1,
            "t": 100,
            "s": 96,
            "h": 88
        },
        {
            "p": 1,
            "t": 101,
            "s": 96,
            "h": 87
        },
        {
            "p": 1,
            "t": 102,
            "s": 96,
            "h": 86
        },
        {
            "p": 1,
            "t": 103,
            "s": 96,
            "h": 86
        },
        {
            "p": 1,
            "t": 104,
            "s": 95,
            "h": 86
        },
        {
            "p": 1,
            "t": 105,
            "s": 95,
            "h": 85
        },
        {
            "p": 1,
            "t": 107,
            "s": 95,
            "h": 86
        },
        {
            "p": 1,
            "t": 109,
            "s": 95,
            "h": 86
        },
        {
            "p": 1,
            "t": 110,
            "s": 94,
            "h": 86
        },
        {
            "p": 1,
            "t": 113,
            "s": 95,
            "h": 86
        },
        {
            "p": 1,
            "t": 115,
            "s": 95,
            "h": 86
        },
        {
            "p": 1,
            "t": 116,
            "s": 95,
            "h": 85
        },
        {
            "p": 1,
            "t": 117,
            "s": 94,
            "h": 86
        },
        {
            "p": 1,
            "t": 118,
            "s": 94,
            "h": 86
        },
        {
            "p": 1,
            "t": 120,
            "s": 94,
            "h": 85
        },
        {
            "p": 1,
            "t": 121,
            "s": 95,
            "h": 85
        },
        {
            "p": 1,
            "t": 122,
            "s": 96,
            "h": 85
        },
        {
            "p": 1,
            "t": 125,
            "s": 96,
            "h": 85
        },
        {
            "p": 1,
            "t": 127,
            "s": 96,
            "h": 85
        },
        {
            "p": 1,
            "t": 128,
            "s": 96,
            "h": 85
        },
        {
            "p": 1,
            "t": 129,
            "s": 97,
            "h": 83
        },
        {
            "p": 1,
            "t": 130,
            "s": 97,
            "h": 83
        },
        {
            "p": 1,
            "t": 132,
            "s": 97,
            "h": 83
        },
        {
            "p": 1,
            "t": 133,
            "s": 97,
            "h": 83
        },
        {
            "p": 1,
            "t": 134,
            "s": 96,
            "h": 83
        },
        {
            "p": 1,
            "t": 136,
            "s": 96,
            "h": 83
        },
        {
            "p": 1,
            "t": 139,
            "s": 96,
            "h": 83
        },
        {
            "p": 1,
            "t": 140,
            "s": 96,
            "h": 83
        },
        {
            "p": 1,
            "t": 141,
            "s": 96,
            "h": 83
        },
        {
            "p": 1,
            "t": 142,
            "s": 96,
            "h": 82
        },
        {
            "p": 1,
            "t": 143,
            "s": 96,
            "h": 80
        },
        {
            "p": 1,
            "t": 144,
            "s": 96,
            "h": 81
        },
        {
            "p": 1,
            "t": 145,
            "s": 96,
            "h": 81
        },
        {
            "p": 1,
            "t": 147,
            "s": 96,
            "h": 81
        },
        {
            "p": 1,
            "t": 149,
            "s": 96,
            "h": 80
        },
        {
            "p": 1,
            "t": 151,
            "s": 96,
            "h": 81
        },
        {
            "p": 1,
            "t": 152,
            "s": 96,
            "h": 81
        },
        {
            "p": 1,
            "t": 156,
            "s": 96,
            "h": 81
        },
        {
            "p": 1,
            "t": 157,
            "s": 96,
            "h": 81
        },
        {
            "p": 1,
            "t": 158,
            "s": 96,
            "h": 82
        },
        {
            "p": 1,
            "t": 159,
            "s": 96,
            "h": 82
        },
        {
            "p": 1,
            "t": 160,
            "s": 95,
            "h": 83
        },
        {
            "p": 1,
            "t": 161,
            "s": 96,
            "h": 82
        },
        {
            "p": 1,
            "t": 162,
            "s": 95,
            "h": 82
        },
        {
            "p": 1,
            "t": 163,
            "s": 95,
            "h": 82
        },
        {
            "p": 1,
            "t": 164,
            "s": 95,
            "h": 75
        },
        {
            "p": 1,
            "t": 165,
            "s": 96,
            "h": 75
        },
        {
            "p": 1,
            "t": 168,
            "s": 96,
            "h": 75
        },
        {
            "p": 1,
            "t": 169,
            "s": 96,
            "h": 73
        },
        {
            "p": 1,
            "t": 170,
            "s": 96,
            "h": 73
        },
        {
            "p": 1,
            "t": 171,
            "s": 95,
            "h": 73
        },
        {
            "p": 1,
            "t": 172,
            "s": 95,
            "h": 73
        },
        {
            "p": 1,
            "t": 175,
            "s": 95,
            "h": 73
        },
        {
            "p": 1,
            "t": 176,
            "s": 95,
            "h": 72
        },
        {
            "p": 1,
            "t": 177,
            "s": 95,
            "h": 73
        },
        {
            "p": 1,
            "t": 178,
            "s": 96,
            "h": 73
        },
        {
            "p": 1,
            "t": 180,
            "s": 96,
            "h": 73
        },
        {
            "p": 1,
            "t": 181,
            "s": 96,
            "h": 73
        },
        {
            "p": 1,
            "t": 182,
            "s": 95,
            "h": 73
        },
        {
            "p": 1,
            "t": 183,
            "s": 96,
            "h": 73
        },
        {
            "p": 1,
            "t": 184,
            "s": 96,
            "h": 75
        },
        {
            "p": 1,
            "t": 185,
            "s": 97,
            "h": 75
        },
        {
            "p": 1,
            "t": 188,
            "s": 97,
            "h": 75
        },
        {
            "p": 1,
            "t": 190,
            "s": 97,
            "h": 75
        },
        {
            "p": 1,
            "t": 191,
            "s": 97,
            "h": 75
        },
        {
            "p": 1,
            "t": 192,
            "s": 97,
            "h": 76
        },
        {
            "p": 1,
            "t": 193,
            "s": 96,
            "h": 76
        },
        {
            "p": 1,
            "t": 195,
            "s": 96,
            "h": 76
        },
        {
            "p": 1,
            "t": 196,
            "s": 96,
            "h": 76
        },
        {
            "p": 1,
            "t": 197,
            "s": 96,
            "h": 76
        },
        {
            "p": 1,
            "t": 199,
            "s": 95,
            "h": 76
        },
        {
            "p": 1,
            "t": 200,
            "s": 95,
            "h": 76
        },
        {
            "p": 1,
            "t": 201,
            "s": 95,
            "h": 76
        },
        {
            "p": 1,
            "t": 202,
            "s": 95,
            "h": 76
        },
        {
            "p": 1,
            "t": 203,
            "s": 96,
            "h": 76
        },
        {
            "p": 1,
            "t": 204,
            "s": 96,
            "h": 75
        },
        {
            "p": 1,
            "t": 205,
            "s": 97,
            "h": 76
        },
        {
            "p": 1,
            "t": 206,
            "s": 97,
            "h": 77
        },
        {
            "p": 1,
            "t": 207,
            "s": 98,
            "h": 79
        },
        {
            "p": 1,
            "t": 208,
            "s": 98,
            "h": 79
        },
        {
            "p": 1,
            "t": 209,
            "s": 97,
            "h": 79
        },
        {
            "p": 1,
            "t": 210,
            "s": 96,
            "h": 78
        },
        {
            "p": 1,
            "t": 211,
            "s": 96,
            "h": 76
        },
        {
            "p": 1,
            "t": 212,
            "s": 96,
            "h": 76
        },
        {
            "p": 1,
            "t": 213,
            "s": 96,
            "h": 75
        },
        {
            "p": 1,
            "t": 214,
            "s": 96,
            "h": 75
        },
        {
            "p": 1,
            "t": 216,
            "s": 95,
            "h": 76
        },
        {
            "p": 1,
            "t": 218,
            "s": 95,
            "h": 78
        },
        {
            "p": 1,
            "t": 220,
            "s": 95,
            "h": 80
        },
        {
            "p": 1,
            "t": 221,
            "s": 95,
            "h": 80
        },
        {
            "p": 1,
            "t": 222,
            "s": 95,
            "h": 80
        },
        {
            "p": 1,
            "t": 223,
            "s": 95,
            "h": 81
        },
        {
            "p": 1,
            "t": 224,
            "s": 95,
            "h": 82
        },
        {
            "p": 1,
            "t": 225,
            "s": 95,
            "h": 82
        },
        {
            "p": 1,
            "t": 226,
            "s": 96,
            "h": 80
        },
        {
            "p": 1,
            "t": 228,
            "s": 96,
            "h": 80
        },
        {
            "p": 1,
            "t": 229,
            "s": 96,
            "h": 81
        },
        {
            "p": 1,
            "t": 230,
            "s": 96,
            "h": 81
        },
        {
            "p": 1,
            "t": 231,
            "s": 96,
            "h": 80
        },
        {
            "p": 1,
            "t": 235,
            "s": 96,
            "h": 80
        },
        {
            "p": 1,
            "t": 237,
            "s": 96,
            "h": 80
        },
        {
            "p": 1,
            "t": 238,
            "s": 96,
            "h": 80
        },
        {
            "p": 1,
            "t": 239,
            "s": 96,
            "h": 77
        },
        {
            "p": 1,
            "t": 240,
            "s": 96,
            "h": 76
        },
        {
            "p": 1,
            "t": 241,
            "s": 96,
            "h": 76
        },
        {
            "p": 1,
            "t": 242,
            "s": 96,
            "h": 74
        },
        {
            "p": 1,
            "t": 243,
            "s": 96,
            "h": 74
        },
        {
            "p": 1,
            "t": 244,
            "s": 96,
            "h": 74
        },
        {
            "p": 1,
            "t": 245,
            "s": 96,
            "h": 74
        },
        {
            "p": 1,
            "t": 246,
            "s": 96,
            "h": 75
        },
        {
            "p": 1,
            "t": 247,
            "s": 96,
            "h": 76
        },
        {
            "p": 1,
            "t": 248,
            "s": 96,
            "h": 73
        },
        {
            "p": 1,
            "t": 249,
            "s": 96,
            "h": 75
        },
        {
            "p": 1,
            "t": 250,
            "s": 96,
            "h": 76
        },
        {
            "p": 1,
            "t": 251,
            "s": 96,
            "h": 76
        },
        {
            "p": 1,
            "t": 252,
            "s": 96,
            "h": 73
        },
        {
            "p": 1,
            "t": 254,
            "s": 95,
            "h": 69
        },
        {
            "p": 1,
            "t": 256,
            "s": 95,
            "h": 71
        },
        {
            "p": 1,
            "t": 258,
            "s": 95,
            "h": 73
        },
        {
            "p": 1,
            "t": 259,
            "s": 95,
            "h": 75
        },
        {
            "p": 1,
            "t": 260,
            "s": 95,
            "h": 77
        },
        {
            "p": 1,
            "t": 261,
            "s": 95,
            "h": 78
        },
        {
            "p": 1,
            "t": 265,
            "s": 95,
            "h": 78
        },
        {
            "p": 1,
            "t": 266,
            "s": 95,
            "h": 80
        },
        {
            "p": 1,
            "t": 267,
            "s": 95,
            "h": 80
        },
        {
            "p": 1,
            "t": 269,
            "s": 95,
            "h": 80
        },
        {
            "p": 1,
            "t": 271,
            "s": 95,
            "h": 81
        },
        {
            "p": 1,
            "t": 272,
            "s": 95,
            "h": 81
        },
        {
            "p": 1,
            "t": 273,
            "s": 95,
            "h": 81
        },
        {
            "p": 1,
            "t": 274,
            "s": 95,
            "h": 82
        },
        {
            "p": 1,
            "t": 275,
            "s": 95,
            "h": 82
        },
        {
            "p": 1,
            "t": 280,
            "s": 95,
            "h": 82
        },
        {
            "p": 1,
            "t": 282,
            "s": 95,
            "h": 82
        },
        {
            "p": 1,
            "t": 285,
            "s": 95,
            "h": 83
        },
        {
            "p": 1,
            "t": 286,
            "s": 95,
            "h": 83
        },
        {
            "p": 1,
            "t": 287,
            "s": 95,
            "h": 82
        },
        {
            "p": 1,
            "t": 288,
            "s": 95,
            "h": 82
        },
        {
            "p": 1,
            "t": 289,
            "s": 96,
            "h": 82
        },
        {
            "p": 1,
            "t": 290,
            "s": 96,
            "h": 82
        },
        {
            "p": 1,
            "t": 291,
            "s": 96,
            "h": 81
        },
        {
            "p": 1,
            "t": 292,
            "s": 97,
            "h": 80
        },
        {
            "p": 1,
            "t": 293,
            "s": 97,
            "h": 81
        },
        {
            "p": 1,
            "t": 295,
            "s": 97,
            "h": 81
        },
        {
            "p": 1,
            "t": 298,
            "s": 97,
            "h": 82
        },
        {
            "p": 1,
            "t": 299,
            "s": 97,
            "h": 82
        },
        {
            "p": 1,
            "t": 303,
            "s": 97,
            "h": 82
        },
        {
            "p": 1,
            "t": 313,
            "s": 97,
            "h": 82
        },
        {
            "p": 1,
            "t": 319,
            "s": 97,
            "h": 83
        },
        {
            "p": 1,
            "t": 321,
            "s": 97,
            "h": 83
        },
        {
            "p": 1,
            "t": 322,
            "s": 97,
            "h": 83
        },
        {
            "p": 1,
            "t": 323,
            "s": 97,
            "h": 82
        },
        {
            "p": 1,
            "t": 325,
            "s": 97,
            "h": 82
        },
        {
            "p": 1,
            "t": 327,
            "s": 97,
            "h": 82
        },
        {
            "p": 1,
            "t": 328,
            "s": 97,
            "h": 83
        },
        {
            "p": 1,
            "t": 329,
            "s": 97,
            "h": 83
        },
        {
            "p": 1,
            "t": 330,
            "s": 97,
            "h": 83
        },
        {
            "p": 1,
            "t": 331,
            "s": 97,
            "h": 84
        },
        {
            "p": 1,
            "t": 334,
            "s": 98,
            "h": 84
        },
        {
            "p": 1,
            "t": 337,
            "s": 98,
            "h": 84
        },
        {
            "p": 1,
            "t": 339,
            "s": 98,
            "h": 83
        },
        {
            "p": 1,
            "t": 341,
            "s": 98,
            "h": 84
        },
        {
            "p": 1,
            "t": 343,
            "s": 98,
            "h": 84
        },
        {
            "p": 1,
            "t": 344,
            "s": 98,
            "h": 84
        },
        {
            "p": 1,
            "t": 345,
            "s": 97,
            "h": 84
        },
        {
            "p": 1,
            "t": 346,
            "s": 97,
            "h": 85
        },
        {
            "p": 1,
            "t": 347,
            "s": 97,
            "h": 85
        },
        {
            "p": 1,
            "t": 349,
            "s": 97,
            "h": 85
        },
        {
            "p": 1,
            "t": 350,
            "s": 97,
            "h": 86
        },
        {
            "p": 1,
            "t": 351,
            "s": 97,
            "h": 86
        },
        {
            "p": 1,
            "t": 352,
            "s": 97,
            "h": 86
        },
        {
            "p": 1,
            "t": 353,
            "s": 97,
            "h": 85
        },
        {
            "p": 1,
            "t": 355,
            "s": 97,
            "h": 84
        },
        {
            "p": 1,
            "t": 357,
            "s": 97,
            "h": 85
        },
        {
            "p": 1,
            "t": 358,
            "s": 97,
            "h": 85
        },
        {
            "p": 1,
            "t": 359,
            "s": 97,
            "h": 84
        },
        {
            "p": 2,
            "t": 360,
            "s": 98,
            "h": 82
        },
        {
            "p": 2,
            "t": 362,
            "s": 98,
            "h": 82
        },
        {
            "p": 2,
            "t": 363,
            "s": 98,
            "h": 82
        },
        {
            "p": 2,
            "t": 364,
            "s": 98,
            "h": 81
        },
        {
            "p": 2,
            "t": 365,
            "s": 98,
            "h": 80
        },
        {
            "p": 2,
            "t": 369,
            "s": 98,
            "h": 80
        },
        {
            "p": 2,
            "t": 370,
            "s": 98,
            "h": 79
        },
        {
            "p": 2,
            "t": 373,
            "s": 98,
            "h": 79
        },
        {
            "p": 2,
            "t": 374,
            "s": 98,
            "h": 79
        },
        {
            "p": 2,
            "t": 375,
            "s": 98,
            "h": 79
        },
        {
            "p": 2,
            "t": 376,
            "s": 98,
            "h": 79
        },
        {
            "p": 2,
            "t": 377,
            "s": 98,
            "h": 79
        },
        {
            "p": 2,
            "t": 378,
            "s": 98,
            "h": 79
        },
        {
            "p": 2,
            "t": 379,
            "s": 98,
            "h": 80
        },
        {
            "p": 2,
            "t": 380,
            "s": 98,
            "h": 80
        },
        {
            "p": 2,
            "t": 381,
            "s": 98,
            "h": 80
        },
        {
            "p": 2,
            "t": 382,
            "s": 97,
            "h": 79
        },
        {
            "p": 2,
            "t": 383,
            "s": 97,
            "h": 79
        },
        {
            "p": 2,
            "t": 384,
            "s": 97,
            "h": 78
        },
        {
            "p": 2,
            "t": 385,
            "s": 97,
            "h": 77
        },
        {
            "p": 2,
            "t": 386,
            "s": 97,
            "h": 77
        },
        {
            "p": 2,
            "t": 387,
            "s": 97,
            "h": 76
        },
        {
            "p": 2,
            "t": 391,
            "s": 97,
            "h": 76
        },
        {
            "p": 2,
            "t": 392,
            "s": 97,
            "h": 75
        },
        {
            "p": 2,
            "t": 393,
            "s": 97,
            "h": 75
        },
        {
            "p": 2,
            "t": 394,
            "s": 98,
            "h": 75
        },
        {
            "p": 2,
            "t": 395,
            "s": 97,
            "h": 72
        },
        {
            "p": 2,
            "t": 396,
            "s": 97,
            "h": 69
        },
        {
            "p": 2,
            "t": 397,
            "s": 98,
            "h": 68
        },
        {
            "p": 2,
            "t": 398,
            "s": 98,
            "h": 67
        },
        {
            "p": 2,
            "t": 399,
            "s": 98,
            "h": 67
        },
        {
            "p": 2,
            "t": 400,
            "s": 98,
            "h": 67
        },
        {
            "p": 2,
            "t": 401,
            "s": 98,
            "h": 66
        },
        {
            "p": 2,
            "t": 402,
            "s": 98,
            "h": 66
        },
        {
            "p": 2,
            "t": 403,
            "s": 98,
            "h": 66
        },
        {
            "p": 2,
            "t": 404,
            "s": 98,
            "h": 66
        },
        {
            "p": 2,
            "t": 405,
            "s": 98,
            "h": 65
        },
        {
            "p": 2,
            "t": 406,
            "s": 97,
            "h": 65
        },
        {
            "p": 2,
            "t": 407,
            "s": 97,
            "h": 65
        },
        {
            "p": 2,
            "t": 408,
            "s": 97,
            "h": 64
        }
    ]
}