{
    "test": {
        "pid": "12201287-8c6c-18a4-e9a5-668bbdfaa139",
        "did": "31f92bc8-4239-98f6-6b1b-634fab6f65e4",
        "tid": "25009184-4488-284a-8469-668bbd189c5f",
        "pulsid": "Nonin3150_505080742",
        "date": "2024-07-08T17:54:33.062",
        "o2": 0,
        "weight": 76,
        "height": 145,
        "age": 60,
        "cone_distance": 30
    },
    "initial": {
        "spo": 98,
        "hr": 81,
        "d": 0,
        "f": 0
    },
    "final": {
        "meters": 180,
        "d": 5,
        "f": 5,
        "pascon_count": 6,
        "half_rest_spo": 99,
        "half_rest_hr": 80,
        "end_rest_spo": 97,
        "end_rest_hr": 85,
        "comment": "\n Parada en segundo: 282\", duración: 7\"\n Parada en segundo: 223\", duración: 9\"\n Parada en segundo: 161\", duración: 10\"\n Parada en segundo: 97\", duración: 7\""
    },
    "pascon": [
        {
            "n": 0,
            "t": 39,
            "s": 95,
            "h": 78
        },
        {
            "n": 1,
            "t": 85,
            "s": 95,
            "h": 83
        },
        {
            "n": 2,
            "t": 144,
            "s": 94,
            "h": 81
        },
        {
            "n": 3,
            "t": 203,
            "s": 92,
            "h": 78
        },
        {
            "n": 4,
            "t": 263,
            "s": 98,
            "h": 81
        },
        {
            "n": 5,
            "t": 323,
            "s": 95,
            "h": 81
        }
    ],
    "stops": [
        {
            "time": 97,
            "len": 7
        },
        {
            "time": 161,
            "len": 10
        },
        {
            "time": 223,
            "len": 9
        },
        {
            "time": 282,
            "len": 7
        }
    ],
    "data": [
        {
            "p": 0,
            "t": -18,
            "s": 98,
            "h": 84
        },
        {
            "p": 0,
            "t": -16,
            "s": 98,
            "h": 83
        },
        {
            "p": 0,
            "t": -15,
            "s": 98,
            "h": 82
        },
        {
            "p": 0,
            "t": -14,
            "s": 98,
            "h": 82
        },
        {
            "p": 0,
            "t": -13,
            "s": 98,
            "h": 82
        },
        {
            "p": 0,
            "t": -12,
            "s": 98,
            "h": 81
        },
        {
            "p": 0,
            "t": -11,
            "s": 98,
            "h": 81
        },
        {
            "p": 0,
            "t": -10,
            "s": 98,
            "h": 81
        },
        {
            "p": 0,
            "t": -9,
            "s": 98,
            "h": 81
        },
        {
            "p": 0,
            "t": -8,
            "s": 98,
            "h": 81
        },
        {
            "p": 0,
            "t": -7,
            "s": 98,
            "h": 81
        },
        {
            "p": 0,
            "t": -6,
            "s": 98,
            "h": 80
        },
        {
            "p": 0,
            "t": -4,
            "s": 98,
            "h": 80
        },
        {
            "p": 0,
            "t": -3,
            "s": 98,
            "h": 80
        },
        {
            "p": 0,
            "t": -2,
            "s": 98,
            "h": 80
        },
        {
            "p": 0,
            "t": -1,
            "s": 98,
            "h": 80
        },
        {
            "p": 1,
            "t": 0,
            "s": 98,
            "h": 80
        },
        {
            "p": 1,
            "t": 1,
            "s": 98,
            "h": 80
        },
        {
            "p": 1,
            "t": 2,
            "s": 98,
            "h": 80
        },
        {
            "p": 1,
            "t": 3,
            "s": 98,
            "h": 80
        },
        {
            "p": 1,
            "t": 4,
            "s": 98,
            "h": 80
        },
        {
            "p": 1,
            "t": 5,
            "s": 98,
            "h": 80
        },
        {
            "p": 1,
            "t": 6,
            "s": 98,
            "h": 80
        },
        {
            "p": 1,
            "t": 8,
            "s": 98,
            "h": 80
        },
        {
            "p": 1,
            "t": 9,
            "s": 98,
            "h": 80
        },
        {
            "p": 1,
            "t": 11,
            "s": 98,
            "h": 80
        },
        {
            "p": 1,
            "t": 17,
            "s": 97,
            "h": 80
        },
        {
            "p": 1,
            "t": 18,
            "s": 97,
            "h": 80
        },
        {
            "p": 1,
            "t": 19,
            "s": 97,
            "h": 80
        },
        {
            "p": 1,
            "t": 20,
            "s": 97,
            "h": 80
        },
        {
            "p": 1,
            "t": 22,
            "s": 98,
            "h": 79
        },
        {
            "p": 1,
            "t": 23,
            "s": 97,
            "h": 79
        },
        {
            "p": 1,
            "t": 26,
            "s": 96,
            "h": 79
        },
        {
            "p": 1,
            "t": 27,
            "s": 96,
            "h": 79
        },
        {
            "p": 1,
            "t": 28,
            "s": 96,
            "h": 78
        },
        {
            "p": 1,
            "t": 29,
            "s": 95,
            "h": 78
        },
        {
            "p": 1,
            "t": 33,
            "s": 95,
            "h": 78
        },
        {
            "p": 1,
            "t": 34,
            "s": 95,
            "h": 78
        },
        {
            "p": 1,
            "t": 35,
            "s": 95,
            "h": 78
        },
        {
            "p": 1,
            "t": 39,
            "s": 95,
            "h": 78
        },
        {
            "p": 1,
            "t": 40,
            "s": 95,
            "h": 78
        },
        {
            "p": 1,
            "t": 41,
            "s": 95,
            "h": 77
        },
        {
            "p": 1,
            "t": 42,
            "s": 95,
            "h": 77
        },
        {
            "p": 1,
            "t": 43,
            "s": 95,
            "h": 77
        },
        {
            "p": 1,
            "t": 44,
            "s": 95,
            "h": 78
        },
        {
            "p": 1,
            "t": 47,
            "s": 95,
            "h": 78
        },
        {
            "p": 1,
            "t": 49,
            "s": 94,
            "h": 78
        },
        {
            "p": 1,
            "t": 52,
            "s": 94,
            "h": 78
        },
        {
            "p": 1,
            "t": 53,
            "s": 94,
            "h": 78
        },
        {
            "p": 1,
            "t": 55,
            "s": 94,
            "h": 78
        },
        {
            "p": 1,
            "t": 56,
            "s": 93,
            "h": 78
        },
        {
            "p": 1,
            "t": 57,
            "s": 93,
            "h": 79
        },
        {
            "p": 1,
            "t": 58,
            "s": 93,
            "h": 79
        },
        {
            "p": 1,
            "t": 59,
            "s": 93,
            "h": 81
        },
        {
            "p": 1,
            "t": 60,
            "s": 93,
            "h": 81
        },
        {
            "p": 1,
            "t": 61,
            "s": 93,
            "h": 81
        },
        {
            "p": 1,
            "t": 62,
            "s": 93,
            "h": 81
        },
        {
            "p": 1,
            "t": 63,
            "s": 93,
            "h": 82
        },
        {
            "p": 1,
            "t": 64,
            "s": 94,
            "h": 82
        },
        {
            "p": 1,
            "t": 65,
            "s": 94,
            "h": 83
        },
        {
            "p": 1,
            "t": 68,
            "s": 94,
            "h": 83
        },
        {
            "p": 1,
            "t": 70,
            "s": 94,
            "h": 83
        },
        {
            "p": 1,
            "t": 71,
            "s": 94,
            "h": 83
        },
        {
            "p": 1,
            "t": 72,
            "s": 95,
            "h": 83
        },
        {
            "p": 1,
            "t": 73,
            "s": 94,
            "h": 83
        },
        {
            "p": 1,
            "t": 74,
            "s": 94,
            "h": 83
        },
        {
            "p": 1,
            "t": 75,
            "s": 95,
            "h": 83
        },
        {
            "p": 1,
            "t": 76,
            "s": 95,
            "h": 83
        },
        {
            "p": 1,
            "t": 77,
            "s": 95,
            "h": 83
        },
        {
            "p": 1,
            "t": 80,
            "s": 95,
            "h": 83
        },
        {
            "p": 1,
            "t": 81,
            "s": 95,
            "h": 83
        },
        {
            "p": 1,
            "t": 83,
            "s": 96,
            "h": 83
        },
        {
            "p": 1,
            "t": 84,
            "s": 95,
            "h": 83
        },
        {
            "p": 1,
            "t": 85,
            "s": 96,
            "h": 82
        },
        {
            "p": 1,
            "t": 86,
            "s": 97,
            "h": 82
        },
        {
            "p": 1,
            "t": 89,
            "s": 97,
            "h": 82
        },
        {
            "p": 1,
            "t": 91,
            "s": 97,
            "h": 82
        },
        {
            "p": 1,
            "t": 94,
            "s": 97,
            "h": 82
        },
        {
            "p": 1,
            "t": 95,
            "s": 97,
            "h": 82
        },
        {
            "p": 1,
            "t": 96,
            "s": 97,
            "h": 82
        },
        {
            "p": 3,
            "t": 97,
            "s": 97,
            "h": 82
        },
        {
            "p": 3,
            "t": 98,
            "s": 97,
            "h": 82
        },
        {
            "p": 3,
            "t": 99,
            "s": 98,
            "h": 81
        },
        {
            "p": 3,
            "t": 100,
            "s": 98,
            "h": 81
        },
        {
            "p": 3,
            "t": 101,
            "s": 98,
            "h": 81
        },
        {
            "p": 3,
            "t": 102,
            "s": 98,
            "h": 80
        },
        {
            "p": 3,
            "t": 103,
            "s": 98,
            "h": 80
        },
        {
            "p": 3,
            "t": 104,
            "s": 98,
            "h": 80
        },
        {
            "p": 1,
            "t": 105,
            "s": 98,
            "h": 80
        },
        {
            "p": 1,
            "t": 107,
            "s": 98,
            "h": 80
        },
        {
            "p": 1,
            "t": 110,
            "s": 98,
            "h": 80
        },
        {
            "p": 1,
            "t": 113,
            "s": 98,
            "h": 80
        },
        {
            "p": 1,
            "t": 116,
            "s": 98,
            "h": 80
        },
        {
            "p": 1,
            "t": 118,
            "s": 98,
            "h": 80
        },
        {
            "p": 1,
            "t": 119,
            "s": 98,
            "h": 80
        },
        {
            "p": 1,
            "t": 120,
            "s": 97,
            "h": 80
        },
        {
            "p": 1,
            "t": 121,
            "s": 95,
            "h": 80
        },
        {
            "p": 1,
            "t": 123,
            "s": 95,
            "h": 80
        },
        {
            "p": 1,
            "t": 124,
            "s": 95,
            "h": 80
        },
        {
            "p": 1,
            "t": 125,
            "s": 95,
            "h": 80
        },
        {
            "p": 1,
            "t": 128,
            "s": 95,
            "h": 80
        },
        {
            "p": 1,
            "t": 129,
            "s": 94,
            "h": 80
        },
        {
            "p": 1,
            "t": 130,
            "s": 94,
            "h": 80
        },
        {
            "p": 1,
            "t": 131,
            "s": 94,
            "h": 80
        },
        {
            "p": 1,
            "t": 133,
            "s": 94,
            "h": 80
        },
        {
            "p": 1,
            "t": 134,
            "s": 94,
            "h": 80
        },
        {
            "p": 1,
            "t": 136,
            "s": 93,
            "h": 80
        },
        {
            "p": 1,
            "t": 137,
            "s": 94,
            "h": 81
        },
        {
            "p": 1,
            "t": 138,
            "s": 94,
            "h": 81
        },
        {
            "p": 1,
            "t": 139,
            "s": 94,
            "h": 81
        },
        {
            "p": 1,
            "t": 142,
            "s": 94,
            "h": 81
        },
        {
            "p": 1,
            "t": 143,
            "s": 94,
            "h": 81
        },
        {
            "p": 1,
            "t": 145,
            "s": 96,
            "h": 81
        },
        {
            "p": 1,
            "t": 146,
            "s": 96,
            "h": 81
        },
        {
            "p": 1,
            "t": 147,
            "s": 96,
            "h": 81
        },
        {
            "p": 1,
            "t": 148,
            "s": 95,
            "h": 81
        },
        {
            "p": 1,
            "t": 149,
            "s": 95,
            "h": 81
        },
        {
            "p": 1,
            "t": 150,
            "s": 95,
            "h": 81
        },
        {
            "p": 1,
            "t": 151,
            "s": 95,
            "h": 81
        },
        {
            "p": 1,
            "t": 152,
            "s": 95,
            "h": 81
        },
        {
            "p": 1,
            "t": 153,
            "s": 95,
            "h": 81
        },
        {
            "p": 1,
            "t": 155,
            "s": 95,
            "h": 81
        },
        {
            "p": 1,
            "t": 157,
            "s": 95,
            "h": 81
        },
        {
            "p": 1,
            "t": 158,
            "s": 96,
            "h": 81
        },
        {
            "p": 1,
            "t": 159,
            "s": 96,
            "h": 81
        },
        {
            "p": 3,
            "t": 161,
            "s": 97,
            "h": 81
        },
        {
            "p": 3,
            "t": 162,
            "s": 97,
            "h": 81
        },
        {
            "p": 3,
            "t": 163,
            "s": 98,
            "h": 81
        },
        {
            "p": 3,
            "t": 164,
            "s": 98,
            "h": 81
        },
        {
            "p": 3,
            "t": 165,
            "s": 99,
            "h": 81
        },
        {
            "p": 3,
            "t": 166,
            "s": 99,
            "h": 81
        },
        {
            "p": 3,
            "t": 167,
            "s": 99,
            "h": 80
        },
        {
            "p": 3,
            "t": 168,
            "s": 99,
            "h": 80
        },
        {
            "p": 3,
            "t": 169,
            "s": 99,
            "h": 80
        },
        {
            "p": 1,
            "t": 172,
            "s": 98,
            "h": 80
        },
        {
            "p": 1,
            "t": 173,
            "s": 98,
            "h": 80
        },
        {
            "p": 1,
            "t": 174,
            "s": 98,
            "h": 80
        },
        {
            "p": 1,
            "t": 176,
            "s": 97,
            "h": 80
        },
        {
            "p": 1,
            "t": 177,
            "s": 97,
            "h": 80
        },
        {
            "p": 1,
            "t": 178,
            "s": 96,
            "h": 80
        },
        {
            "p": 1,
            "t": 179,
            "s": 96,
            "h": 81
        },
        {
            "p": 1,
            "t": 181,
            "s": 95,
            "h": 80
        },
        {
            "p": 1,
            "t": 183,
            "s": 95,
            "h": 80
        },
        {
            "p": 1,
            "t": 185,
            "s": 95,
            "h": 80
        },
        {
            "p": 1,
            "t": 186,
            "s": 95,
            "h": 80
        },
        {
            "p": 1,
            "t": 187,
            "s": 95,
            "h": 79
        },
        {
            "p": 1,
            "t": 188,
            "s": 95,
            "h": 79
        },
        {
            "p": 1,
            "t": 189,
            "s": 94,
            "h": 79
        },
        {
            "p": 1,
            "t": 190,
            "s": 94,
            "h": 79
        },
        {
            "p": 1,
            "t": 192,
            "s": 95,
            "h": 80
        },
        {
            "p": 1,
            "t": 194,
            "s": 95,
            "h": 80
        },
        {
            "p": 1,
            "t": 195,
            "s": 95,
            "h": 80
        },
        {
            "p": 1,
            "t": 197,
            "s": 94,
            "h": 80
        },
        {
            "p": 1,
            "t": 198,
            "s": 94,
            "h": 80
        },
        {
            "p": 1,
            "t": 200,
            "s": 91,
            "h": 80
        },
        {
            "p": 1,
            "t": 201,
            "s": 91,
            "h": 80
        },
        {
            "p": 1,
            "t": 202,
            "s": 92,
            "h": 78
        },
        {
            "p": 1,
            "t": 204,
            "s": 94,
            "h": 78
        },
        {
            "p": 1,
            "t": 207,
            "s": 94,
            "h": 78
        },
        {
            "p": 1,
            "t": 208,
            "s": 94,
            "h": 78
        },
        {
            "p": 1,
            "t": 209,
            "s": 94,
            "h": 78
        },
        {
            "p": 1,
            "t": 210,
            "s": 94,
            "h": 78
        },
        {
            "p": 1,
            "t": 211,
            "s": 92,
            "h": 78
        },
        {
            "p": 1,
            "t": 212,
            "s": 92,
            "h": 78
        },
        {
            "p": 1,
            "t": 214,
            "s": 92,
            "h": 78
        },
        {
            "p": 1,
            "t": 215,
            "s": 91,
            "h": 78
        },
        {
            "p": 1,
            "t": 216,
            "s": 91,
            "h": 78
        },
        {
            "p": 1,
            "t": 217,
            "s": 92,
            "h": 78
        },
        {
            "p": 1,
            "t": 218,
            "s": 92,
            "h": 78
        },
        {
            "p": 1,
            "t": 220,
            "s": 92,
            "h": 79
        },
        {
            "p": 1,
            "t": 221,
            "s": 92,
            "h": 79
        },
        {
            "p": 3,
            "t": 223,
            "s": 92,
            "h": 79
        },
        {
            "p": 3,
            "t": 224,
            "s": 92,
            "h": 79
        },
        {
            "p": 3,
            "t": 225,
            "s": 93,
            "h": 80
        },
        {
            "p": 3,
            "t": 226,
            "s": 96,
            "h": 80
        },
        {
            "p": 3,
            "t": 227,
            "s": 97,
            "h": 80
        },
        {
            "p": 3,
            "t": 228,
            "s": 98,
            "h": 80
        },
        {
            "p": 1,
            "t": 232,
            "s": 98,
            "h": 80
        },
        {
            "p": 1,
            "t": 234,
            "s": 98,
            "h": 80
        },
        {
            "p": 1,
            "t": 235,
            "s": 98,
            "h": 80
        },
        {
            "p": 1,
            "t": 236,
            "s": 98,
            "h": 80
        },
        {
            "p": 1,
            "t": 237,
            "s": 98,
            "h": 80
        },
        {
            "p": 1,
            "t": 238,
            "s": 98,
            "h": 80
        },
        {
            "p": 1,
            "t": 239,
            "s": 98,
            "h": 81
        },
        {
            "p": 1,
            "t": 240,
            "s": 99,
            "h": 81
        },
        {
            "p": 1,
            "t": 241,
            "s": 99,
            "h": 81
        },
        {
            "p": 1,
            "t": 242,
            "s": 99,
            "h": 81
        },
        {
            "p": 1,
            "t": 243,
            "s": 99,
            "h": 81
        },
        {
            "p": 1,
            "t": 244,
            "s": 99,
            "h": 81
        },
        {
            "p": 1,
            "t": 248,
            "s": 98,
            "h": 81
        },
        {
            "p": 1,
            "t": 251,
            "s": 98,
            "h": 81
        },
        {
            "p": 1,
            "t": 252,
            "s": 98,
            "h": 81
        },
        {
            "p": 1,
            "t": 255,
            "s": 98,
            "h": 81
        },
        {
            "p": 1,
            "t": 256,
            "s": 98,
            "h": 81
        },
        {
            "p": 1,
            "t": 257,
            "s": 98,
            "h": 81
        },
        {
            "p": 1,
            "t": 258,
            "s": 98,
            "h": 81
        },
        {
            "p": 1,
            "t": 262,
            "s": 98,
            "h": 81
        },
        {
            "p": 1,
            "t": 263,
            "s": 98,
            "h": 81
        },
        {
            "p": 1,
            "t": 264,
            "s": 98,
            "h": 81
        },
        {
            "p": 1,
            "t": 265,
            "s": 98,
            "h": 80
        },
        {
            "p": 1,
            "t": 266,
            "s": 98,
            "h": 80
        },
        {
            "p": 1,
            "t": 267,
            "s": 98,
            "h": 80
        },
        {
            "p": 1,
            "t": 269,
            "s": 97,
            "h": 80
        },
        {
            "p": 1,
            "t": 270,
            "s": 97,
            "h": 80
        },
        {
            "p": 1,
            "t": 272,
            "s": 97,
            "h": 80
        },
        {
            "p": 1,
            "t": 273,
            "s": 97,
            "h": 80
        },
        {
            "p": 1,
            "t": 274,
            "s": 96,
            "h": 80
        },
        {
            "p": 1,
            "t": 275,
            "s": 95,
            "h": 80
        },
        {
            "p": 1,
            "t": 276,
            "s": 95,
            "h": 80
        },
        {
            "p": 1,
            "t": 278,
            "s": 94,
            "h": 80
        },
        {
            "p": 1,
            "t": 279,
            "s": 94,
            "h": 80
        },
        {
            "p": 1,
            "t": 280,
            "s": 94,
            "h": 80
        },
        {
            "p": 1,
            "t": 281,
            "s": 95,
            "h": 80
        },
        {
            "p": 3,
            "t": 282,
            "s": 94,
            "h": 80
        },
        {
            "p": 3,
            "t": 283,
            "s": 96,
            "h": 80
        },
        {
            "p": 3,
            "t": 284,
            "s": 97,
            "h": 80
        },
        {
            "p": 3,
            "t": 285,
            "s": 97,
            "h": 80
        },
        {
            "p": 3,
            "t": 286,
            "s": 98,
            "h": 80
        },
        {
            "p": 3,
            "t": 287,
            "s": 98,
            "h": 80
        },
        {
            "p": 3,
            "t": 288,
            "s": 98,
            "h": 80
        },
        {
            "p": 1,
            "t": 290,
            "s": 98,
            "h": 80
        },
        {
            "p": 1,
            "t": 292,
            "s": 98,
            "h": 80
        },
        {
            "p": 1,
            "t": 293,
            "s": 98,
            "h": 80
        },
        {
            "p": 1,
            "t": 295,
            "s": 98,
            "h": 80
        },
        {
            "p": 1,
            "t": 296,
            "s": 98,
            "h": 80
        },
        {
            "p": 1,
            "t": 299,
            "s": 98,
            "h": 80
        },
        {
            "p": 1,
            "t": 301,
            "s": 98,
            "h": 80
        },
        {
            "p": 1,
            "t": 302,
            "s": 98,
            "h": 80
        },
        {
            "p": 1,
            "t": 303,
            "s": 98,
            "h": 80
        },
        {
            "p": 1,
            "t": 305,
            "s": 96,
            "h": 80
        },
        {
            "p": 1,
            "t": 310,
            "s": 96,
            "h": 81
        },
        {
            "p": 1,
            "t": 311,
            "s": 95,
            "h": 81
        },
        {
            "p": 1,
            "t": 312,
            "s": 96,
            "h": 81
        },
        {
            "p": 1,
            "t": 313,
            "s": 96,
            "h": 81
        },
        {
            "p": 1,
            "t": 317,
            "s": 95,
            "h": 81
        },
        {
            "p": 1,
            "t": 318,
            "s": 95,
            "h": 81
        },
        {
            "p": 1,
            "t": 320,
            "s": 95,
            "h": 81
        },
        {
            "p": 1,
            "t": 321,
            "s": 95,
            "h": 81
        },
        {
            "p": 1,
            "t": 322,
            "s": 95,
            "h": 81
        },
        {
            "p": 1,
            "t": 323,
            "s": 96,
            "h": 81
        },
        {
            "p": 1,
            "t": 324,
            "s": 97,
            "h": 81
        },
        {
            "p": 1,
            "t": 326,
            "s": 98,
            "h": 81
        },
        {
            "p": 1,
            "t": 327,
            "s": 98,
            "h": 81
        },
        {
            "p": 1,
            "t": 329,
            "s": 96,
            "h": 81
        },
        {
            "p": 1,
            "t": 330,
            "s": 96,
            "h": 80
        },
        {
            "p": 1,
            "t": 332,
            "s": 96,
            "h": 80
        },
        {
            "p": 1,
            "t": 335,
            "s": 96,
            "h": 80
        },
        {
            "p": 1,
            "t": 336,
            "s": 96,
            "h": 80
        },
        {
            "p": 1,
            "t": 337,
            "s": 95,
            "h": 80
        },
        {
            "p": 1,
            "t": 338,
            "s": 96,
            "h": 80
        },
        {
            "p": 1,
            "t": 339,
            "s": 95,
            "h": 80
        },
        {
            "p": 1,
            "t": 340,
            "s": 95,
            "h": 80
        },
        {
            "p": 1,
            "t": 344,
            "s": 95,
            "h": 80
        },
        {
            "p": 1,
            "t": 345,
            "s": 95,
            "h": 80
        },
        {
            "p": 1,
            "t": 347,
            "s": 95,
            "h": 80
        },
        {
            "p": 1,
            "t": 348,
            "s": 94,
            "h": 80
        },
        {
            "p": 1,
            "t": 350,
            "s": 94,
            "h": 80
        },
        {
            "p": 1,
            "t": 355,
            "s": 94,
            "h": 80
        },
        {
            "p": 1,
            "t": 356,
            "s": 94,
            "h": 80
        },
        {
            "p": 1,
            "t": 357,
            "s": 94,
            "h": 80
        },
        {
            "p": 2,
            "t": 361,
            "s": 93,
            "h": 80
        },
        {
            "p": 2,
            "t": 362,
            "s": 93,
            "h": 81
        },
        {
            "p": 2,
            "t": 363,
            "s": 94,
            "h": 81
        },
        {
            "p": 2,
            "t": 364,
            "s": 96,
            "h": 81
        },
        {
            "p": 2,
            "t": 365,
            "s": 97,
            "h": 81
        },
        {
            "p": 2,
            "t": 366,
            "s": 98,
            "h": 81
        },
        {
            "p": 2,
            "t": 367,
            "s": 98,
            "h": 80
        },
        {
            "p": 2,
            "t": 368,
            "s": 98,
            "h": 80
        },
        {
            "p": 2,
            "t": 369,
            "s": 98,
            "h": 80
        },
        {
            "p": 2,
            "t": 370,
            "s": 99,
            "h": 80
        },
        {
            "p": 2,
            "t": 371,
            "s": 99,
            "h": 80
        },
        {
            "p": 2,
            "t": 372,
            "s": 99,
            "h": 80
        },
        {
            "p": 2,
            "t": 373,
            "s": 99,
            "h": 80
        },
        {
            "p": 2,
            "t": 374,
            "s": 99,
            "h": 80
        },
        {
            "p": 2,
            "t": 375,
            "s": 99,
            "h": 80
        },
        {
            "p": 2,
            "t": 376,
            "s": 99,
            "h": 80
        },
        {
            "p": 2,
            "t": 377,
            "s": 99,
            "h": 80
        },
        {
            "p": 2,
            "t": 378,
            "s": 99,
            "h": 80
        },
        {
            "p": 2,
            "t": 379,
            "s": 99,
            "h": 81
        },
        {
            "p": 2,
            "t": 380,
            "s": 99,
            "h": 81
        },
        {
            "p": 2,
            "t": 381,
            "s": 99,
            "h": 81
        },
        {
            "p": 2,
            "t": 382,
            "s": 98,
            "h": 80
        },
        {
            "p": 2,
            "t": 383,
            "s": 98,
            "h": 80
        },
        {
            "p": 2,
            "t": 384,
            "s": 98,
            "h": 80
        },
        {
            "p": 2,
            "t": 385,
            "s": 98,
            "h": 80
        },
        {
            "p": 2,
            "t": 386,
            "s": 98,
            "h": 80
        },
        {
            "p": 2,
            "t": 387,
            "s": 99,
            "h": 80
        },
        {
            "p": 2,
            "t": 388,
            "s": 99,
            "h": 80
        },
        {
            "p": 2,
            "t": 389,
            "s": 99,
            "h": 80
        },
        {
            "p": 2,
            "t": 390,
            "s": 99,
            "h": 80
        },
        {
            "p": 2,
            "t": 391,
            "s": 99,
            "h": 80
        },
        {
            "p": 2,
            "t": 392,
            "s": 99,
            "h": 80
        },
        {
            "p": 2,
            "t": 393,
            "s": 99,
            "h": 80
        },
        {
            "p": 2,
            "t": 395,
            "s": 99,
            "h": 80
        },
        {
            "p": 2,
            "t": 396,
            "s": 99,
            "h": 80
        },
        {
            "p": 2,
            "t": 397,
            "s": 99,
            "h": 80
        },
        {
            "p": 2,
            "t": 398,
            "s": 99,
            "h": 80
        },
        {
            "p": 2,
            "t": 399,
            "s": 99,
            "h": 80
        },
        {
            "p": 2,
            "t": 400,
            "s": 99,
            "h": 80
        },
        {
            "p": 2,
            "t": 401,
            "s": 99,
            "h": 80
        },
        {
            "p": 2,
            "t": 402,
            "s": 99,
            "h": 80
        },
        {
            "p": 2,
            "t": 403,
            "s": 99,
            "h": 80
        },
        {
            "p": 2,
            "t": 404,
            "s": 99,
            "h": 80
        },
        {
            "p": 2,
            "t": 405,
            "s": 99,
            "h": 80
        },
        {
            "p": 2,
            "t": 406,
            "s": 99,
            "h": 80
        },
        {
            "p": 2,
            "t": 407,
            "s": 99,
            "h": 80
        },
        {
            "p": 2,
            "t": 408,
            "s": 99,
            "h": 80
        },
        {
            "p": 2,
            "t": 409,
            "s": 99,
            "h": 80
        },
        {
            "p": 2,
            "t": 410,
            "s": 99,
            "h": 80
        },
        {
            "p": 2,
            "t": 411,
            "s": 99,
            "h": 80
        },
        {
            "p": 2,
            "t": 417,
            "s": 99,
            "h": 80
        },
        {
            "p": 2,
            "t": 418,
            "s": 99,
            "h": 80
        },
        {
            "p": 2,
            "t": 419,
            "s": 99,
            "h": 80
        },
        {
            "p": 2,
            "t": 420,
            "s": 99,
            "h": 80
        },
        {
            "p": 2,
            "t": 421,
            "s": 100,
            "h": 80
        },
        {
            "p": 2,
            "t": 424,
            "s": 100,
            "h": 80
        },
        {
            "p": 2,
            "t": 425,
            "s": 100,
            "h": 80
        },
        {
            "p": 2,
            "t": 426,
            "s": 100,
            "h": 80
        },
        {
            "p": 2,
            "t": 427,
            "s": 99,
            "h": 80
        },
        {
            "p": 2,
            "t": 428,
            "s": 99,
            "h": 81
        },
        {
            "p": 2,
            "t": 429,
            "s": 100,
            "h": 81
        },
        {
            "p": 2,
            "t": 430,
            "s": 99,
            "h": 81
        },
        {
            "p": 2,
            "t": 431,
            "s": 99,
            "h": 81
        },
        {
            "p": 2,
            "t": 432,
            "s": 99,
            "h": 81
        },
        {
            "p": 2,
            "t": 433,
            "s": 99,
            "h": 81
        },
        {
            "p": 2,
            "t": 434,
            "s": 99,
            "h": 79
        },
        {
            "p": 2,
            "t": 436,
            "s": 98,
            "h": 79
        },
        {
            "p": 2,
            "t": 437,
            "s": 98,
            "h": 79
        },
        {
            "p": 2,
            "t": 439,
            "s": 98,
            "h": 80
        },
        {
            "p": 2,
            "t": 442,
            "s": 98,
            "h": 80
        },
        {
            "p": 2,
            "t": 443,
            "s": 98,
            "h": 80
        },
        {
            "p": 2,
            "t": 444,
            "s": 98,
            "h": 80
        },
        {
            "p": 2,
            "t": 445,
            "s": 98,
            "h": 80
        },
        {
            "p": 2,
            "t": 446,
            "s": 98,
            "h": 80
        },
        {
            "p": 2,
            "t": 447,
            "s": 98,
            "h": 80
        },
        {
            "p": 2,
            "t": 448,
            "s": 98,
            "h": 80
        },
        {
            "p": 2,
            "t": 451,
            "s": 98,
            "h": 80
        },
        {
            "p": 2,
            "t": 452,
            "s": 98,
            "h": 80
        },
        {
            "p": 2,
            "t": 453,
            "s": 98,
            "h": 80
        },
        {
            "p": 2,
            "t": 454,
            "s": 98,
            "h": 80
        },
        {
            "p": 2,
            "t": 455,
            "s": 98,
            "h": 80
        },
        {
            "p": 2,
            "t": 456,
            "s": 98,
            "h": 80
        },
        {
            "p": 2,
            "t": 457,
            "s": 98,
            "h": 80
        },
        {
            "p": 2,
            "t": 458,
            "s": 98,
            "h": 80
        },
        {
            "p": 2,
            "t": 460,
            "s": 98,
            "h": 80
        },
        {
            "p": 2,
            "t": 461,
            "s": 98,
            "h": 80
        },
        {
            "p": 2,
            "t": 463,
            "s": 98,
            "h": 80
        },
        {
            "p": 2,
            "t": 467,
            "s": 98,
            "h": 80
        },
        {
            "p": 2,
            "t": 468,
            "s": 98,
            "h": 80
        },
        {
            "p": 2,
            "t": 471,
            "s": 98,
            "h": 80
        },
        {
            "p": 2,
            "t": 472,
            "s": 98,
            "h": 81
        },
        {
            "p": 2,
            "t": 474,
            "s": 98,
            "h": 81
        },
        {
            "p": 2,
            "t": 475,
            "s": 98,
            "h": 81
        },
        {
            "p": 2,
            "t": 476,
            "s": 98,
            "h": 82
        },
        {
            "p": 2,
            "t": 477,
            "s": 98,
            "h": 83
        },
        {
            "p": 2,
            "t": 478,
            "s": 98,
            "h": 84
        },
        {
            "p": 2,
            "t": 479,
            "s": 97,
            "h": 85
        }
    ]
}